Video id,WC,Analytic,Clout,Authentic,Tone,WPS,Sixltr,Dic,function,pronoun,ppron,i,we,you,shehe,they,ipron,article,prep,auxverb,adverb,conj,negate,verb,adj,compare,interrog,number,quant,affect,posemo,negemo,social,male,cogproc,insight,cause,discrep,tentat,certain,differ,percept,see,hear,feel,bio,health,drives,affiliation,achieve,power,reward,focuspast,focuspresent,focusfuture,relativ,motion,space,time,work,leisure,money,informal,netspeak,assent,nonflu,AllPunc,Dash,Quote,Apostro,Parenth,OtherP
Is9ioUILsrU,1392,59.04,61.05,40.87,41.35,1392.0,13.0,83.41,55.39,15.16,6.9,3.59,1.72,1.15,0.0,0.43,8.26,6.68,14.37,9.91,6.03,7.61,0.07,17.82,3.74,2.8,3.59,7.76,2.66,1.15,1.01,0.14,5.68,0.0,8.76,1.15,1.87,1.94,2.87,0.43,2.08,1.72,1.15,0.43,0.14,0.43,0.22,4.38,2.08,0.36,0.79,1.15,1.65,13.94,1.72,14.73,2.8,7.54,4.74,1.29,0.86,0.5,0.86,0.5,0.29,0.07,0.65,0.14,0.0,0.07,0.0,0.43
BBhwOTtARQ8,932,41.59,72.6,23.87,77.18,932.0,9.33,83.05,50.54,13.52,8.05,2.9,0.97,3.76,0.21,0.21,5.47,5.15,10.73,7.94,8.91,9.23,0.21,15.34,1.61,1.5,2.9,11.91,3.11,3.0,2.9,0.11,6.87,0.64,13.63,3.43,3.0,3.43,1.93,1.07,2.47,1.18,0.75,0.32,0.0,0.64,0.11,3.65,1.07,0.86,1.39,0.86,1.72,11.48,0.97,11.59,1.61,6.87,3.33,1.61,0.54,2.9,2.25,0.21,1.72,0.32,1.29,0.11,0.0,0.21,0.0,0.97
1T2rAw6DsyM,1289,37.2,88.68,37.47,51.93,12.39,7.76,85.26,55.08,15.98,9.31,1.4,4.19,2.87,0.08,0.78,6.67,4.97,12.49,9.7,7.06,9.46,0.78,18.54,3.41,2.48,1.24,11.17,2.09,2.17,1.78,0.39,10.09,0.54,9.46,2.33,1.55,1.71,2.48,0.62,2.87,1.71,1.16,0.47,0.08,0.54,0.0,7.91,4.27,0.78,2.09,0.93,1.55,15.44,1.86,14.27,2.56,7.84,3.96,2.25,0.16,0.0,2.72,0.7,0.7,1.4,17.69,0.0,0.0,2.25,0.0,0.16
7Z_0Hica6-w,1403,32.16,56.23,46.85,91.63,1403.0,8.13,86.81,52.67,13.19,7.48,3.78,0.93,1.64,0.86,0.29,5.7,5.35,9.84,8.62,7.84,12.83,0.14,17.11,2.07,1.64,2.35,12.54,1.85,4.21,4.13,0.07,4.92,1.07,11.76,3.99,2.14,3.14,2.64,0.5,2.0,1.35,1.0,0.21,0.07,0.21,0.0,4.42,1.14,1.14,0.86,1.35,1.35,13.54,1.92,14.75,2.99,7.13,5.06,0.43,0.36,2.28,3.42,0.29,2.71,0.43,2.92,1.0,0.0,0.14,0.0,1.57
pIMNpu7mGY8,114,85.5,60.39,12.29,25.77,114.0,18.42,67.54,40.35,3.51,1.75,0.0,1.75,0.0,0.0,0.0,1.75,7.02,12.28,7.02,6.14,8.77,0.0,11.4,2.63,1.75,1.75,12.28,4.39,3.51,1.75,1.75,1.75,0.0,7.02,0.88,1.75,0.88,0.0,2.63,0.88,0.0,0.0,0.0,0.0,2.63,0.0,7.02,1.75,1.75,1.75,0.88,4.39,6.14,0.0,13.16,0.88,4.39,7.89,1.75,0.88,0.0,0.0,0.0,0.0,0.0,2.63,0.0,0.0,1.75,0.0,0.0
C7CY4l99S7M,1136,28.15,47.54,8.96,43.41,14.02,10.04,82.04,57.04,12.32,3.08,0.62,0.88,1.23,0.0,0.35,9.24,5.63,10.92,12.24,8.19,10.65,2.2,16.73,2.64,3.17,2.64,9.6,3.35,1.14,1.06,0.09,4.05,0.0,10.56,0.35,1.58,3.96,2.73,0.88,3.96,2.55,2.11,0.35,0.0,0.0,0.0,4.23,2.11,0.18,1.67,0.26,0.88,13.2,1.23,11.97,1.23,5.72,3.87,0.88,0.0,0.0,1.32,0.18,0.26,0.79,24.3,0.18,0.0,0.18,0.0,8.45
k40Ht-MffP8,535,76.89,63.89,65.34,42.74,535.0,18.13,83.93,56.26,13.27,3.93,0.0,1.87,0.19,1.5,0.37,9.35,10.65,13.27,8.6,4.3,8.04,0.37,17.57,1.5,1.12,2.24,5.23,1.12,0.93,0.93,0.0,5.05,0.0,10.09,2.99,1.31,2.06,2.99,1.12,3.18,1.31,1.31,0.0,0.0,0.0,0.0,4.86,2.24,0.75,1.12,0.93,0.56,14.39,0.93,20.75,3.55,9.35,7.1,0.19,1.12,0.19,0.75,0.19,0.0,0.56,0.37,0.0,0.0,0.37,0.0,0.0
nmccWna9A0Y,479,49.02,82.09,25.88,65.33,479.0,10.44,77.24,48.43,10.23,5.22,0.42,2.3,2.09,0.0,0.42,5.01,5.22,11.48,10.23,9.19,8.35,0.0,14.41,1.67,0.84,3.13,14.41,0.63,2.51,2.3,0.21,6.68,0.0,7.93,2.3,1.67,0.84,2.3,1.04,1.46,1.46,0.84,0.21,0.0,0.0,0.0,6.89,3.76,0.63,1.04,1.46,0.63,14.2,0.21,13.78,1.46,7.1,4.8,0.84,0.0,0.0,1.88,0.0,1.67,0.21,0.42,0.0,0.0,0.42,0.0,0.0
4w_n98E-j0I,86,87.78,75.74,3.96,25.77,86.0,15.12,67.44,53.49,6.98,3.49,0.0,2.33,0.0,0.0,1.16,3.49,10.47,15.12,12.79,4.65,5.81,0.0,15.12,2.33,2.33,0.0,13.95,2.33,0.0,0.0,0.0,5.81,0.0,6.98,2.33,0.0,2.33,1.16,2.33,1.16,0.0,0.0,0.0,0.0,1.16,1.16,5.81,4.65,0.0,1.16,0.0,0.0,15.12,1.16,9.3,1.16,4.65,3.49,1.16,0.0,0.0,1.16,0.0,1.16,0.0,4.65,0.0,0.0,2.33,0.0,2.33
UoPYPDnkltQ,456,29.45,96.36,9.58,54.67,456.0,14.91,87.06,58.99,17.54,10.31,0.22,2.19,4.17,1.32,2.41,7.24,7.02,10.31,9.43,7.89,10.75,0.22,16.01,2.63,2.19,2.19,4.39,2.41,2.41,1.97,0.44,15.57,1.1,10.31,1.54,1.97,2.41,3.07,0.66,3.51,2.19,1.75,0.44,0.0,0.0,0.0,9.87,3.07,2.19,3.07,1.1,2.19,14.91,1.54,11.62,2.85,4.61,3.95,2.41,0.0,0.0,1.1,0.0,0.88,0.22,0.44,0.0,0.0,0.44,0.0,0.0
ErrR7v0OgJA,277,86.08,55.74,54.39,73.02,277.0,21.3,83.75,51.99,13.36,7.22,3.97,0.72,0.36,0.0,2.17,6.14,10.47,13.36,6.5,1.81,7.94,0.0,16.61,2.53,1.08,1.44,3.25,1.81,3.97,3.25,0.72,8.3,0.0,13.36,6.86,1.08,1.81,5.05,1.08,3.97,0.72,0.72,0.0,0.0,0.0,0.0,7.22,2.89,0.72,3.61,0.36,1.44,13.36,1.08,8.66,2.17,4.69,1.44,6.5,1.08,0.0,0.36,0.0,0.0,0.0,1.08,0.36,0.0,0.72,0.0,0.0
KvBMuB4FeWE,488,61.1,68.12,75.84,52.69,488.0,10.66,86.68,53.69,12.3,4.51,0.41,2.05,1.64,0.0,0.41,7.79,7.38,11.89,6.97,7.38,8.81,0.82,14.96,3.48,1.84,0.82,9.84,4.3,2.25,1.84,0.41,5.74,0.2,12.91,2.66,2.46,1.84,3.48,2.25,3.48,0.82,0.61,0.2,0.0,0.2,0.2,6.35,2.87,0.2,2.25,1.02,0.41,12.5,2.25,20.49,4.3,9.43,7.17,0.41,0.2,0.2,0.82,0.41,0.41,0.0,1.02,0.2,0.0,0.41,0.0,0.41
buSnKoducJc,874,56.53,60.39,43.53,60.47,874.0,9.61,87.3,53.89,15.22,6.98,2.75,2.29,1.03,0.0,0.92,8.12,6.98,12.59,8.01,5.38,8.47,1.14,17.85,2.86,1.49,1.14,12.59,3.32,2.06,1.95,0.11,5.95,0.11,9.84,0.57,1.6,3.55,2.06,0.8,2.75,2.86,1.6,1.14,0.11,0.0,0.0,8.35,3.2,1.03,1.14,2.52,0.69,13.84,1.95,17.51,4.23,8.47,4.35,1.14,0.8,0.0,1.6,0.92,0.34,0.57,4.12,0.69,0.0,0.23,0.0,3.2
NUA-fI3E6Vk,1345,25.46,89.0,49.28,61.01,13.59,7.66,86.39,56.51,18.96,11.75,3.12,5.5,2.45,0.0,0.67,7.21,4.09,12.34,9.59,8.03,9.67,0.37,19.93,2.3,1.78,2.01,7.51,3.27,2.16,2.01,0.15,9.89,0.0,9.74,1.64,1.78,2.68,3.64,0.97,2.08,1.26,1.04,0.22,0.0,0.37,0.07,10.78,5.95,0.52,2.16,2.08,2.23,14.72,1.78,16.73,4.83,8.33,4.16,0.82,0.22,0.3,3.12,0.97,0.82,1.41,17.03,0.0,0.0,3.64,0.0,0.45
SPh1KMjrb_A,909,51.71,91.53,10.34,61.23,909.0,9.02,80.31,49.94,13.64,8.47,0.99,4.95,2.42,0.11,0.0,5.17,4.18,13.75,6.16,8.91,9.57,0.0,14.08,2.64,2.09,1.87,10.56,3.52,2.97,2.42,0.55,8.25,0.0,11.11,2.64,2.42,2.64,0.88,2.09,0.88,1.1,0.99,0.0,0.11,0.0,0.0,8.47,5.28,0.77,1.54,0.77,0.88,13.2,0.66,11.66,1.32,6.16,4.4,1.54,0.77,0.11,2.53,0.88,1.54,0.33,0.33,0.11,0.0,0.22,0.0,0.0
qcz1Cm_-l50,569,51.11,52.81,57.56,31.78,17.78,13.53,79.26,52.9,11.78,5.1,2.81,1.23,1.05,0.0,0.0,6.68,4.57,13.01,11.6,5.98,8.79,0.0,14.41,2.46,2.28,1.41,8.08,4.04,0.35,0.35,0.0,4.04,0.0,8.44,0.53,1.58,1.93,4.04,1.05,2.81,1.41,1.05,0.35,0.0,0.18,0.0,5.62,2.28,0.18,3.16,0.0,1.23,12.48,1.41,17.93,1.05,10.37,6.33,0.7,0.35,0.0,1.05,0.7,0.7,0.35,30.58,0.0,0.0,0.35,0.0,10.54
6sbVhu843SA,1614,56.53,70.3,51.26,42.64,1614.0,15.12,88.41,52.73,15.55,8.05,3.16,1.61,2.42,0.43,0.43,7.43,7.25,11.96,8.55,5.51,8.12,0.12,15.3,2.29,1.49,2.97,5.89,2.85,0.93,0.93,0.0,6.94,0.31,14.25,2.66,5.39,2.04,4.15,0.37,2.35,1.73,1.55,0.12,0.0,0.0,0.0,6.38,1.98,1.86,1.98,1.24,0.93,13.14,1.49,15.49,3.35,6.75,5.51,2.17,1.55,2.17,0.74,0.37,0.37,0.25,0.87,0.12,0.0,0.12,0.0,0.56
X1Kr2cHWuP4,753,66.45,47.34,51.66,53.22,753.0,15.01,78.62,48.74,14.61,8.9,5.98,2.12,0.53,0.0,0.27,5.71,6.51,12.62,6.11,5.98,7.44,0.0,12.08,2.52,1.86,3.05,11.16,3.05,1.73,1.59,0.13,3.98,0.0,9.3,1.46,3.19,1.86,1.2,1.33,1.33,0.4,0.4,0.0,0.0,0.0,0.0,5.18,2.52,1.59,0.27,0.66,1.99,10.49,0.66,14.34,1.59,4.25,8.5,1.73,0.0,0.13,1.33,0.27,0.8,0.27,0.66,0.13,0.0,0.27,0.0,0.27
dBGeri4eFv4,411,26.06,70.39,3.65,25.77,11.74,6.08,63.02,49.64,11.68,5.84,1.95,2.92,0.97,0.0,0.0,5.84,3.89,9.73,11.68,7.54,12.65,0.0,15.09,4.62,4.38,2.19,18.0,2.68,1.46,0.73,0.73,5.11,0.0,4.38,0.24,0.49,1.95,1.95,0.97,1.7,2.19,0.97,1.22,0.0,0.73,0.0,6.57,3.65,0.24,1.7,1.22,0.49,13.38,0.49,8.27,0.49,3.89,3.89,1.46,0.0,0.0,0.0,0.0,0.0,0.0,34.31,1.95,0.0,0.49,0.0,17.52
h3ZrKQMBEB4,474,72.81,81.79,4.42,33.03,474.0,15.4,80.59,54.01,12.66,5.06,0.21,2.32,2.11,0.0,0.42,7.59,7.81,14.77,8.86,5.91,7.59,0.0,12.45,2.95,3.16,1.9,7.38,3.8,1.27,0.84,0.42,6.75,0.0,10.76,2.53,2.95,3.59,2.11,1.27,1.9,1.27,0.42,0.84,0.0,2.95,0.21,7.59,3.38,0.84,2.95,0.0,1.27,12.03,1.05,9.7,0.63,6.96,2.32,3.16,1.9,0.0,0.21,0.0,0.21,0.0,0.42,0.0,0.0,0.42,0.0,0.0
vPA0k8r3Tuc,82,78.81,86.38,40.2,71.55,82.0,3.66,84.15,53.66,12.2,6.1,0.0,2.44,2.44,0.0,1.22,6.1,12.2,10.98,7.32,3.66,9.76,0.0,14.63,0.0,0.0,1.22,10.98,0.0,2.44,2.44,0.0,8.54,0.0,6.1,1.22,0.0,2.44,1.22,1.22,2.44,1.22,1.22,0.0,0.0,0.0,0.0,3.66,2.44,0.0,1.22,0.0,0.0,13.41,1.22,18.29,2.44,12.2,3.66,0.0,0.0,3.66,0.0,0.0,0.0,0.0,3.66,1.22,0.0,2.44,0.0,0.0
muZmOiiukQE,851,74.18,87.52,52.58,40.57,15.2,14.81,79.2,49.82,12.81,6.7,0.35,3.76,2.59,0.0,0.0,6.11,8.81,11.28,8.46,4.47,5.88,0.35,14.69,1.76,1.29,1.18,7.99,1.88,0.82,0.82,0.0,7.99,0.12,8.11,1.53,0.82,2.47,2.47,1.41,2.12,2.59,1.76,0.59,0.0,0.35,0.0,7.4,4.23,1.06,1.18,1.06,0.47,11.87,1.65,19.86,3.17,10.46,6.11,0.47,0.0,2.23,1.06,0.0,0.47,0.24,28.55,0.24,0.0,0.24,0.71,12.46
9ya8YNMJ27g,1078,47.57,77.09,25.61,74.18,1078.0,12.62,84.51,53.8,16.14,6.49,1.21,1.67,3.34,0.09,0.19,9.65,7.24,9.83,8.16,5.29,8.07,1.21,16.42,3.34,1.76,0.83,7.05,3.06,3.15,2.88,0.28,8.44,0.09,11.97,1.67,1.76,3.25,3.53,1.58,3.62,2.41,2.23,0.09,0.0,0.37,0.0,8.26,4.45,1.21,1.02,1.67,1.11,13.27,1.48,13.91,2.78,7.88,2.5,1.21,0.74,0.46,1.02,0.19,0.65,0.19,0.74,0.37,0.0,0.19,0.0,0.19
7up731HX2uA,128,36.5,84.51,26.25,39.75,128.0,13.28,82.81,51.56,12.5,7.03,1.56,4.69,0.78,0.0,0.0,5.47,3.91,11.72,13.28,7.03,8.59,0.0,21.09,2.34,0.78,1.56,10.16,1.56,0.78,0.78,0.0,6.25,0.0,6.25,0.78,0.78,2.34,1.56,0.78,0.0,1.56,0.78,0.78,0.0,2.34,0.0,8.59,4.69,2.34,1.56,0.0,0.0,12.5,3.91,17.19,3.91,10.16,3.12,0.78,0.0,4.69,0.0,0.0,0.0,0.0,3.91,2.34,0.0,1.56,0.0,0.0
1F7LAJEVp-U,606,53.28,77.61,45.34,47.1,13.47,7.1,67.66,49.67,10.89,5.78,0.83,3.47,1.32,0.0,0.17,5.12,3.14,14.19,9.24,7.59,9.24,0.17,14.19,2.81,2.31,2.31,10.4,2.81,1.49,1.32,0.17,5.78,0.0,8.42,1.82,2.97,2.15,2.48,0.17,1.98,1.32,0.5,0.33,0.33,0.0,0.0,5.45,3.8,0.0,1.49,0.17,1.65,10.56,1.82,17.82,5.94,7.1,4.79,0.5,0.0,0.0,0.99,0.33,0.33,0.66,31.02,0.0,0.0,0.33,0.0,17.0
nm2b1U8mvhI,748,68.92,76.08,17.42,17.94,748.0,12.7,76.07,49.47,11.23,5.21,0.94,0.53,3.21,0.0,0.53,6.02,7.09,12.3,8.96,5.88,7.35,0.0,13.5,3.48,3.07,3.07,12.97,5.08,1.6,0.53,1.07,5.21,0.0,7.22,1.34,2.41,2.14,1.74,0.27,0.94,0.27,0.27,0.0,0.0,0.8,0.13,6.15,0.94,0.94,1.87,1.6,1.2,13.37,1.2,14.3,1.47,7.49,5.61,0.53,0.27,2.67,0.4,0.27,0.13,0.0,2.14,0.13,0.0,0.27,0.0,1.47
PqJuIal2-rY,633,52.99,70.45,54.28,61.73,633.0,12.01,84.36,53.87,15.32,9.79,4.11,4.42,0.95,0.0,0.32,5.53,4.74,14.06,7.58,6.16,9.16,0.47,14.38,2.05,1.26,2.53,11.06,5.06,2.53,2.21,0.32,7.27,0.32,10.27,2.84,2.69,1.26,2.84,0.63,2.69,0.63,0.47,0.16,0.0,0.0,0.0,10.11,4.42,3.16,1.58,1.26,1.26,12.8,1.74,13.27,3.16,6.32,3.95,2.21,0.0,0.16,0.16,0.0,0.0,0.16,1.9,0.79,0.0,0.32,0.0,0.79
Ep8y4v7-Dmw,1511,73.45,74.39,16.77,76.02,15.91,16.61,85.18,55.92,11.65,5.49,0.26,3.9,0.26,0.33,0.73,6.15,11.12,12.31,8.54,7.41,7.68,0.33,13.96,6.22,3.24,2.65,6.55,6.09,3.51,3.11,0.4,6.22,0.07,10.39,1.99,2.05,2.12,1.85,1.32,3.24,0.66,0.53,0.0,0.13,0.66,0.0,6.82,4.24,0.53,0.73,1.19,3.18,9.99,1.46,12.18,2.91,4.5,5.1,0.86,0.2,2.51,0.73,0.0,0.2,0.46,20.45,0.6,0.0,0.13,0.0,4.17
EOqxDyiMAdE,568,54.02,61.1,37.04,52.17,568.0,13.38,79.93,52.64,14.61,6.34,2.99,3.17,0.18,0.0,0.0,8.27,5.46,12.85,8.8,5.63,8.45,0.35,15.67,1.58,1.23,2.29,12.5,5.63,2.46,1.94,0.53,4.93,0.0,8.63,2.82,1.06,1.41,1.94,0.88,2.11,1.41,0.7,0.7,0.0,0.7,0.0,6.51,3.52,1.58,0.88,0.88,1.58,13.91,2.29,12.5,3.17,6.51,2.64,0.53,0.18,0.53,0.7,0.53,0.0,0.18,1.76,0.53,0.0,0.35,0.0,0.88
whreCx_YLko,892,59.77,87.36,10.44,92.27,892.0,14.24,88.34,56.84,14.46,7.62,0.56,3.59,1.57,0.0,1.91,6.84,9.42,13.0,7.29,7.96,10.09,0.11,13.34,2.24,0.67,2.91,5.04,3.59,5.04,4.6,0.45,8.97,0.22,8.86,1.79,2.8,1.79,1.91,0.78,2.02,1.46,1.01,0.45,0.0,0.11,0.11,8.74,4.37,0.67,1.91,1.35,2.02,10.76,1.68,10.87,1.79,5.72,3.25,2.91,1.57,8.86,1.91,0.11,1.68,0.11,2.02,0.56,0.0,0.22,0.0,1.23
bChoL5qB6cM,1507,67.32,57.89,33.52,40.05,1507.0,10.62,87.33,57.93,13.54,8.49,2.85,0.86,2.46,1.59,0.73,5.04,7.9,15.73,8.1,6.9,8.03,1.73,16.46,4.98,3.58,1.92,8.1,1.73,2.39,1.59,0.8,7.37,1.66,9.69,1.13,1.06,2.72,2.39,0.8,4.11,1.92,1.13,0.4,0.33,0.2,0.2,6.3,1.33,1.33,1.59,2.19,3.19,10.62,1.39,14.66,2.06,10.55,2.19,0.46,1.46,0.93,0.73,0.53,0.07,0.13,0.8,0.33,0.0,0.13,0.0,0.0
iQTrf_eCfI8,1023,35.64,46.09,49.46,95.94,1023.0,13.49,94.04,63.25,16.91,9.19,4.2,4.01,0.29,0.0,0.68,7.72,6.45,13.88,8.7,7.53,9.38,3.91,17.01,3.13,2.54,3.91,6.55,3.81,5.18,4.99,0.2,6.26,0.1,14.17,1.76,2.44,2.74,1.96,4.79,3.42,0.88,0.59,0.29,0.0,0.29,0.0,9.38,4.3,0.2,0.68,4.01,0.78,15.64,0.88,14.27,2.35,8.5,3.81,0.0,0.2,0.0,1.17,0.2,0.2,0.78,0.2,0.0,0.0,0.2,0.0,0.0
4dvG5PXUGFk,2319,58.38,83.51,36.78,66.57,11.54,12.03,87.11,56.45,12.59,7.37,0.43,3.1,2.98,0.26,0.6,5.22,7.85,14.66,9.06,7.16,9.83,1.85,17.21,3.19,1.68,2.29,7.03,2.63,2.59,2.37,0.22,8.62,0.22,11.56,2.33,1.42,2.98,2.41,2.11,2.63,1.34,0.86,0.22,0.3,0.34,0.04,9.06,3.62,1.34,2.5,1.68,1.6,12.72,1.98,16.82,2.54,9.87,4.61,1.16,1.12,0.43,1.85,0.3,0.52,1.25,17.55,0.0,0.0,2.67,0.0,0.09
V1kXk2yrBZw,1317,37.83,46.36,52.24,95.2,10.21,14.12,88.69,59.45,15.57,9.34,4.71,2.51,1.06,0.46,0.61,6.23,8.12,11.85,10.02,8.2,8.73,2.73,19.82,3.57,1.52,2.89,4.63,3.26,5.47,5.01,0.38,6.99,0.38,12.83,1.52,2.35,1.82,2.51,2.66,3.87,2.28,1.67,0.38,0.23,0.15,0.08,8.2,2.73,1.59,1.29,2.73,3.04,15.95,1.75,13.52,2.13,7.82,3.49,1.82,0.38,0.61,4.1,0.38,1.97,1.37,19.51,0.0,0.0,2.96,0.0,0.61
VufrCCcsse4,94,12.24,98.27,4.23,93.02,94.0,9.57,87.23,57.45,17.02,10.64,0.0,1.06,9.57,0.0,0.0,6.38,4.26,8.51,7.45,9.57,15.96,0.0,13.83,2.13,2.13,3.19,14.89,6.38,4.26,4.26,0.0,10.64,0.0,9.57,0.0,3.19,0.0,1.06,5.32,0.0,0.0,0.0,0.0,0.0,0.0,0.0,2.13,1.06,1.06,0.0,0.0,8.51,6.38,3.19,10.64,2.13,2.13,6.38,0.0,0.0,5.32,5.32,3.19,0.0,2.13,5.32,1.06,0.0,2.13,0.0,2.13
WTIotEFCYno,1677,58.8,72.05,24.58,80.79,1677.0,12.82,83.66,54.68,14.25,7.33,1.55,2.8,1.73,0.89,0.36,6.92,7.33,12.82,6.98,6.38,8.05,2.33,15.5,3.58,2.09,2.03,10.32,3.28,4.11,3.58,0.54,7.63,0.89,11.39,2.62,1.37,1.79,2.27,2.86,2.44,2.5,1.37,1.01,0.0,0.0,0.0,10.08,3.1,0.48,2.27,3.88,2.21,12.64,1.97,12.94,2.86,6.5,4.05,1.25,0.48,0.78,1.37,0.66,0.12,0.6,0.78,0.24,0.0,0.12,0.0,0.42
LXZqE_soFzY,866,71.65,52.77,67.88,86.05,866.0,16.17,90.53,56.35,12.12,4.73,0.69,1.27,2.54,0.0,0.23,7.39,11.66,11.32,7.51,4.73,8.43,3.12,16.05,4.5,3.0,1.85,7.62,3.93,3.46,3.46,0.0,5.54,0.12,14.9,4.62,0.92,2.08,2.31,3.0,4.85,0.92,0.81,0.12,0.0,0.0,0.0,5.43,1.5,0.0,0.69,3.35,1.96,13.05,2.42,15.7,2.31,9.7,3.7,0.0,0.0,0.0,1.96,0.12,1.5,0.35,0.23,0.0,0.0,0.23,0.0,0.0
IYNyBvB8BjA,859,28.57,53.26,56.64,47.28,859.0,13.5,83.12,59.14,16.65,10.48,6.29,3.14,0.58,0.0,0.47,6.17,5.47,11.41,9.66,7.45,10.59,1.4,15.83,4.42,2.91,2.1,9.08,2.68,1.63,1.4,0.23,6.29,0.12,9.43,2.21,1.86,1.51,2.91,1.16,1.51,1.28,0.81,0.47,0.0,0.58,0.0,9.08,3.38,0.93,3.38,1.75,0.58,16.53,1.28,13.5,1.4,5.94,4.89,0.7,0.47,0.12,0.93,0.0,0.35,0.58,0.47,0.23,0.0,0.23,0.0,0.0
nWbQIORfcyg,2293,38.39,80.84,48.39,56.23,2293.0,13.96,85.78,57.52,15.09,7.59,0.65,3.05,3.14,0.0,0.74,7.46,5.23,13.17,8.9,7.2,9.59,2.7,17.23,3.18,1.79,1.79,8.24,2.05,2.4,2.01,0.39,8.77,0.0,11.43,3.01,1.31,2.14,2.92,1.4,2.88,1.4,1.05,0.26,0.09,0.44,0.17,9.03,3.18,1.74,1.05,2.83,1.53,14.91,2.7,16.35,3.58,7.37,5.63,1.83,0.26,0.0,0.48,0.13,0.26,0.09,0.48,0.35,0.0,0.09,0.0,0.0
CQ0OHoaS8eo,945,52.71,57.56,42.68,51.51,945.0,13.33,82.01,57.14,13.54,9.21,3.07,0.32,4.66,1.16,0.0,4.34,7.72,13.02,5.82,6.77,11.11,3.49,16.19,3.17,2.33,2.12,9.74,2.01,1.59,1.48,0.11,7.41,0.0,11.43,2.01,1.27,4.13,2.54,1.16,3.92,0.63,0.42,0.21,0.0,0.0,0.0,5.29,0.95,0.11,0.42,3.7,2.65,12.59,1.48,16.19,2.96,9.63,4.44,0.74,0.0,1.38,0.21,0.11,0.0,0.11,0.32,0.0,0.0,0.21,0.0,0.11
LXZqE_soFzY,866,71.65,52.77,67.88,86.05,866.0,16.17,90.53,56.35,12.12,4.73,0.69,1.27,2.54,0.0,0.23,7.39,11.66,11.32,7.51,4.73,8.43,3.12,16.05,4.5,3.0,1.85,7.62,3.93,3.46,3.46,0.0,5.54,0.12,14.9,4.62,0.92,2.08,2.31,3.0,4.85,0.92,0.81,0.12,0.0,0.0,0.0,5.43,1.5,0.0,0.69,3.35,1.96,13.05,2.42,15.7,2.31,9.7,3.7,0.0,0.0,0.0,1.96,0.12,1.5,0.35,0.23,0.0,0.0,0.23,0.0,0.0
jBIf10lgWyU,1330,65.39,61.55,37.55,52.57,1330.0,14.66,84.51,54.74,13.53,7.22,1.88,2.26,2.41,0.45,0.23,6.32,7.97,13.23,5.94,6.39,7.82,2.93,14.89,3.68,1.8,2.03,10.23,3.91,4.14,2.78,1.35,6.02,0.0,13.23,2.86,1.73,2.11,2.26,3.01,2.93,1.73,1.43,0.23,0.08,0.08,0.08,9.85,2.33,0.98,2.18,4.59,2.48,12.26,2.18,13.98,3.01,7.44,4.14,0.83,0.45,0.53,0.45,0.3,0.0,0.15,1.65,0.53,0.0,0.15,0.0,0.98
Wn8Bf_r0vzo,4722,43.28,67.09,56.51,58.22,4722.0,11.61,88.12,56.01,15.48,7.45,2.39,3.16,1.36,0.36,0.19,8.01,5.51,12.54,9.25,7.16,8.09,1.38,18.02,3.6,2.86,1.97,7.05,2.71,3.3,2.5,0.78,6.65,0.15,11.46,3.26,1.52,2.03,2.24,1.23,2.96,1.27,0.68,0.4,0.08,0.64,0.08,7.96,3.54,1.23,1.48,1.44,2.31,14.57,2.54,15.76,3.24,9.0,3.73,1.67,0.32,1.31,1.5,0.36,1.0,0.17,0.83,0.42,0.0,0.04,0.0,0.08
T1yNpgVkMRM,723,19.92,64.57,26.05,80.82,723.0,20.89,88.11,58.92,20.19,11.89,4.15,4.29,1.66,0.0,1.8,8.3,4.29,10.93,6.78,6.78,9.68,4.56,14.66,4.29,1.94,3.32,8.85,2.35,4.43,3.73,0.69,10.51,0.0,15.35,1.24,2.49,3.32,2.21,4.15,4.01,1.94,0.97,0.83,0.14,0.28,0.0,12.31,5.26,1.11,1.38,3.87,2.07,11.89,1.52,11.07,2.21,5.67,3.18,1.66,0.14,0.14,0.55,0.0,0.0,0.41,0.83,0.55,0.0,0.28,0.0,0.0
TSnZ0dlh3NA,808,69.68,24.4,77.93,58.55,808.0,17.95,82.3,50.0,12.38,3.71,1.36,0.99,0.74,0.0,0.62,8.66,9.41,9.78,6.56,2.35,7.92,3.71,17.2,7.43,6.81,1.61,12.13,2.6,1.73,1.73,0.0,2.6,0.0,14.36,3.34,0.74,0.62,2.97,1.86,6.19,1.73,1.61,0.12,0.0,0.0,0.0,6.31,0.99,0.0,0.25,5.07,1.36,12.62,2.23,15.35,2.85,9.28,3.22,0.12,0.25,0.0,0.62,0.0,0.5,0.12,1.11,0.87,0.0,0.25,0.0,0.0
k2rrJDcOGsw,1276,42.73,79.03,24.45,25.77,11.6,14.18,83.78,54.55,15.13,9.17,2.35,3.29,3.06,0.0,0.47,5.96,6.11,11.91,9.87,5.49,9.25,1.8,16.93,4.31,2.74,1.72,10.19,4.15,2.51,1.25,1.25,7.29,0.0,7.99,1.8,1.96,2.35,2.04,0.86,1.41,0.94,0.78,0.08,0.08,0.63,0.08,10.19,3.45,0.71,2.9,2.35,2.43,14.66,1.33,13.64,2.82,7.29,2.59,1.18,0.39,0.0,1.1,0.55,0.24,0.31,16.69,0.0,0.0,2.27,0.0,1.57
5RZwBqvMVMI,537,40.81,70.55,7.78,74.34,537.0,20.11,83.05,55.49,11.17,6.7,0.0,5.59,1.12,0.0,0.0,4.47,8.01,9.68,9.68,4.47,10.8,5.77,14.34,4.28,2.23,1.86,12.29,3.72,2.61,2.61,0.0,8.01,0.0,10.43,1.3,1.86,2.42,4.28,2.05,3.54,1.86,0.74,1.12,0.0,0.56,0.56,13.04,5.77,0.56,0.74,5.96,2.23,12.1,3.17,10.06,1.86,2.05,5.4,2.42,0.37,0.0,0.93,0.74,0.0,0.19,0.56,0.0,0.0,0.37,0.0,0.0
6uts4lH_tP4,483,51.89,82.96,2.82,72.31,483.0,22.15,80.95,53.62,11.8,6.42,0.0,4.35,2.07,0.0,0.0,5.38,9.32,9.11,8.28,4.14,10.14,4.35,12.42,2.9,1.86,1.45,11.8,2.9,2.48,2.48,0.0,10.35,0.0,11.18,2.28,1.86,4.76,2.69,1.45,2.9,2.48,1.86,0.62,0.0,0.62,0.62,10.97,6.0,1.04,0.21,3.73,1.04,8.28,2.07,9.11,0.41,2.69,5.8,2.9,1.04,0.21,1.66,0.41,0.0,1.24,0.62,0.21,0.0,0.41,0.0,0.0
GtiYyWQI8ZA,674,50.09,70.86,9.71,47.74,674.0,18.84,74.63,54.15,10.98,6.97,0.59,2.23,3.26,0.0,0.89,4.01,8.01,12.02,9.05,4.01,12.02,4.9,11.28,2.82,2.23,1.34,17.8,2.37,1.48,1.34,0.15,8.01,0.0,7.27,1.48,1.34,0.89,2.52,0.3,2.52,0.59,0.3,0.15,0.15,0.89,0.89,11.72,3.41,1.78,1.34,5.19,0.59,12.61,1.19,9.5,1.19,3.86,4.75,1.78,0.3,0.0,0.15,0.0,0.0,0.15,2.08,1.63,0.0,0.3,0.0,0.0
ev8g5jdDxEA,1632,61.03,64.13,13.79,43.65,1632.0,10.42,80.76,58.21,11.15,4.23,0.49,2.08,1.47,0.18,0.0,6.92,7.54,16.36,8.52,6.37,14.28,0.61,14.22,3.62,2.63,0.98,14.95,2.27,2.33,1.65,0.67,4.9,0.18,9.8,1.35,1.9,2.88,1.59,0.74,3.74,0.92,0.67,0.18,0.06,0.37,0.18,9.68,2.63,1.65,1.16,3.98,2.02,11.46,1.96,11.95,2.57,4.78,4.6,0.8,0.55,0.0,1.23,0.0,0.55,0.67,3.37,0.49,0.0,0.12,0.0,2.7
xRLaBFyc-UM,716,34.11,47.77,70.1,54.7,16.65,10.47,88.41,57.26,18.3,10.89,6.15,3.07,0.84,0.28,0.56,7.4,5.31,12.85,11.17,5.17,7.54,2.65,22.49,2.51,1.12,1.4,6.7,4.05,3.21,2.37,0.84,5.73,0.28,12.15,3.21,1.82,1.68,1.4,3.07,1.4,1.12,0.7,0.42,0.0,1.54,0.0,9.64,3.63,1.4,1.54,3.07,1.26,18.3,2.65,15.36,4.05,6.56,4.47,0.7,0.14,0.0,1.96,1.68,0.28,0.0,15.36,0.0,0.0,5.03,0.0,0.28
3Xf5_-WM6h0,567,43.89,93.74,55.76,80.2,14.92,9.17,85.36,53.44,16.93,10.76,1.94,5.47,3.0,0.0,0.35,6.17,6.53,11.64,8.64,6.35,9.17,0.18,20.99,2.82,2.29,1.76,13.58,1.06,3.7,3.35,0.35,10.76,0.0,9.35,3.0,1.06,2.82,2.29,1.06,1.76,1.94,1.23,0.35,0.35,0.0,0.0,8.47,6.0,0.71,0.35,1.06,2.12,13.4,5.47,17.99,5.11,6.7,6.53,0.18,0.35,0.18,1.94,1.41,0.0,0.53,14.11,0.0,0.0,4.23,0.0,0.0
NVVL3jc2nRE,623,64.12,81.13,38.59,65.31,623.0,16.53,85.71,59.87,15.09,8.35,2.09,4.33,0.8,0.16,0.96,6.74,8.19,15.09,7.54,4.49,9.15,2.89,13.8,3.21,2.25,2.41,6.58,2.57,2.73,2.41,0.32,10.59,0.16,10.75,2.73,1.61,2.57,2.89,1.77,1.93,1.12,0.8,0.32,0.0,0.64,0.0,11.4,6.58,1.44,1.44,2.09,0.64,10.75,1.61,15.25,2.09,7.7,5.62,0.8,0.48,0.0,0.64,0.0,0.16,0.48,0.32,0.0,0.0,0.32,0.0,0.0
RKjFYgSREG8,3045,20.58,83.21,19.6,61.9,3045.0,9.98,87.59,57.21,17.37,8.18,1.25,2.96,3.42,0.1,0.46,9.2,4.66,9.95,9.46,8.28,9.85,2.1,15.93,3.74,1.97,2.66,11.13,3.51,3.81,2.86,0.95,9.03,0.69,11.59,1.87,2.56,2.69,2.27,1.35,2.33,1.44,0.72,0.59,0.07,1.12,0.26,7.98,3.05,0.3,1.67,2.59,2.5,12.45,1.87,13.2,1.77,7.13,3.71,0.49,0.13,0.2,2.69,0.33,1.22,1.02,0.85,0.2,0.0,0.07,0.0,0.59
3USkdBSwdKs,384,32.4,97.72,10.71,65.25,384.0,14.06,75.0,53.39,16.67,10.94,0.0,5.21,5.21,0.26,0.26,5.73,4.95,10.42,9.9,6.77,8.85,0.52,14.84,2.08,1.82,3.12,11.46,2.6,2.08,2.08,0.0,12.76,0.26,9.38,3.12,2.86,2.6,2.34,0.0,2.6,1.04,0.52,0.52,0.0,0.26,0.0,6.77,5.47,0.0,0.0,1.3,1.04,12.5,1.3,10.68,0.78,6.77,3.12,0.0,0.0,0.0,2.08,0.0,2.08,0.0,1.04,0.0,0.0,0.52,0.0,0.52
71l1dxnNN28,1248,57.38,61.36,33.89,74.94,1248.0,15.62,83.65,57.53,15.3,7.21,1.76,2.32,2.88,0.0,0.24,8.09,7.45,13.46,8.65,5.21,6.97,3.12,16.19,4.33,2.88,1.44,7.13,3.61,3.45,3.04,0.4,6.49,0.0,12.26,2.56,1.84,1.84,2.96,1.68,3.93,1.2,0.88,0.32,0.0,0.56,0.56,7.77,2.8,1.28,1.12,3.21,1.68,12.98,1.04,12.1,1.6,7.21,3.29,1.76,0.08,0.0,0.8,0.08,0.08,0.64,0.8,0.24,0.0,0.16,0.0,0.4
Gz4K_CjxcCU,584,58.86,38.53,20.68,94.23,584.0,21.92,82.36,55.99,7.36,3.6,0.34,2.05,0.86,0.0,0.34,3.77,10.96,9.93,10.62,5.82,8.05,6.85,15.24,9.42,4.11,2.23,11.3,1.54,5.82,5.14,0.68,4.11,0.0,14.21,4.11,0.51,1.71,2.05,4.97,2.74,0.86,0.17,0.68,0.0,0.0,0.0,9.59,2.05,0.68,1.2,4.97,1.54,13.01,1.71,10.62,2.4,3.25,4.97,0.51,0.17,0.0,0.86,0.17,0.17,0.51,1.37,0.0,0.0,0.34,0.0,1.03
Fre5g65sj0w,514,67.01,56.96,18.24,51.24,514.0,21.6,79.18,48.64,10.51,5.64,1.17,2.53,1.36,0.39,0.19,4.86,5.84,12.26,7.59,5.06,4.47,5.25,13.04,3.7,1.36,1.17,5.25,2.14,5.45,3.31,1.95,6.03,0.0,8.75,1.17,2.33,1.36,2.72,1.56,1.75,1.56,0.19,0.58,0.78,1.95,0.97,8.37,2.92,1.56,1.75,2.53,2.14,10.51,0.97,13.23,1.56,6.23,5.45,2.72,0.39,1.17,1.95,0.19,0.58,1.56,1.36,0.39,0.0,0.39,0.0,0.19
xWiQT2LaD78,759,57.11,56.81,5.13,97.22,759.0,28.46,83.4,56.26,8.96,5.01,0.0,3.43,1.58,0.0,0.0,3.95,10.8,9.35,10.94,3.82,6.32,8.56,13.7,8.3,2.9,1.98,3.82,3.03,6.19,5.67,0.53,7.38,0.0,19.24,7.11,4.61,3.43,1.84,6.06,2.11,1.19,1.19,0.0,0.0,1.45,0.0,14.36,3.95,3.16,2.11,5.01,0.26,12.52,2.11,5.4,0.13,2.9,2.24,0.4,1.58,0.0,0.53,0.4,0.0,0.13,0.53,0.26,0.0,0.26,0.0,0.0
h7JatMD-B_w,607,46.78,77.07,21.71,74.81,607.0,20.43,86.99,54.04,16.14,9.88,1.98,0.49,6.43,0.0,0.99,6.26,5.44,12.19,5.6,5.44,8.4,4.12,12.85,5.93,3.62,1.15,6.75,3.62,4.61,3.62,0.99,8.73,0.0,13.84,3.13,1.32,2.64,2.31,4.12,2.14,1.32,1.15,0.16,0.0,0.49,0.0,8.9,0.49,1.32,2.64,3.79,1.48,11.04,1.48,11.7,1.32,5.27,5.44,2.14,0.16,0.0,0.82,0.16,0.33,0.33,0.33,0.0,0.0,0.33,0.0,0.0
VoI3U21K8_4,457,47.96,84.3,55.84,74.64,457.0,10.07,81.84,52.3,15.1,8.32,1.75,5.47,0.88,0.0,0.22,6.78,3.72,13.35,8.75,5.69,9.19,0.0,16.63,1.53,1.53,2.41,16.19,2.41,3.5,3.06,0.44,7.66,0.0,7.0,1.53,0.66,2.41,1.97,0.44,2.19,1.09,1.09,0.0,0.0,0.0,0.0,10.72,5.91,0.44,1.97,2.19,0.66,14.88,1.09,18.82,3.72,10.72,4.81,0.22,0.0,0.22,0.44,0.0,0.22,0.22,1.09,0.22,0.0,0.44,0.0,0.44
7E64xzjsgpo,458,68.53,79.05,2.27,45.84,458.0,22.05,77.51,51.53,11.35,5.24,0.0,1.97,2.84,0.0,0.44,6.11,9.61,10.92,8.3,4.15,10.04,0.87,12.23,3.71,2.62,1.53,10.04,3.93,1.53,1.31,0.22,6.99,0.0,10.7,1.53,1.31,4.15,2.4,1.31,2.84,2.62,1.53,0.87,0.0,0.44,0.44,5.9,2.18,0.87,0.87,1.97,1.31,8.52,1.09,8.73,0.44,5.02,2.84,2.4,0.87,0.0,0.22,0.0,0.0,0.22,0.87,0.44,0.0,0.44,0.0,0.0
YQ8H5GLPZsA,1088,46.31,22.28,46.03,60.62,1088.0,16.64,77.67,55.51,12.32,6.62,4.96,0.64,0.55,0.0,0.46,5.7,8.18,10.02,10.57,5.88,6.53,5.15,14.06,2.76,1.56,0.92,14.71,1.84,2.76,2.3,0.46,3.03,0.0,9.65,1.47,2.3,2.21,1.47,1.93,1.75,1.01,0.83,0.0,0.18,0.28,0.18,5.88,1.47,0.46,1.47,2.11,1.47,12.68,1.47,14.43,2.3,4.41,7.26,0.83,0.0,0.0,1.29,0.18,0.83,0.18,1.1,0.0,0.0,0.18,0.0,0.92
Q48o-VQ48og,949,49.94,63.61,29.73,61.74,949.0,20.23,81.03,57.53,12.86,6.32,1.37,0.53,4.21,0.0,0.21,6.53,7.69,12.75,8.11,6.53,10.22,3.69,14.44,4.95,2.21,1.16,9.48,1.48,3.37,2.63,0.74,5.9,0.0,10.85,3.16,2.21,2.42,2.63,2.21,2.11,1.16,1.16,0.0,0.0,0.84,0.53,8.75,0.95,1.9,2.74,2.85,1.69,12.75,1.37,13.59,1.26,7.59,4.21,1.48,0.32,0.0,0.53,0.42,0.0,0.11,0.53,0.11,0.0,0.21,0.0,0.21
4OmT_Nj1eng,268,43.8,85.2,32.55,20.15,268.0,17.16,83.58,57.84,13.06,8.58,1.12,6.34,0.75,0.0,0.37,4.48,5.22,13.06,8.96,6.34,7.46,5.6,16.42,1.49,1.12,1.49,11.94,2.61,1.87,0.75,1.12,10.45,0.0,9.33,2.24,1.87,1.49,0.75,3.73,0.37,1.49,1.12,0.37,0.0,0.75,0.75,12.69,7.46,2.24,0.75,1.12,1.87,14.93,3.36,16.04,1.49,5.6,8.21,1.49,0.0,0.0,0.37,0.0,0.0,0.37,1.12,0.0,0.0,0.75,0.0,0.37
xYP3p5ScKNo,2202,41.45,31.04,77.68,51.25,2202.0,12.26,83.2,50.59,13.17,8.72,6.22,1.54,0.5,0.09,0.36,4.45,5.45,9.54,11.53,4.72,7.99,1.54,17.57,2.18,1.36,0.95,19.94,2.54,1.73,1.54,0.18,3.45,0.09,7.9,1.86,2.23,0.54,1.04,0.91,2.68,0.5,0.5,0.0,0.05,0.41,0.05,5.45,1.95,0.5,1.04,1.91,0.68,15.03,2.77,15.44,3.54,5.81,5.95,0.77,0.41,0.77,1.23,0.0,1.0,0.23,1.09,0.18,0.0,0.09,0.0,0.77
EyAvSj1ZgXk,97,85.42,66.01,3.76,44.66,12.12,24.74,67.01,47.42,8.25,2.06,0.0,1.03,1.03,0.0,0.0,6.19,11.34,12.37,10.31,6.19,5.15,0.0,12.37,4.12,4.12,2.06,11.34,2.06,1.03,1.03,0.0,3.09,0.0,11.34,6.19,7.22,0.0,0.0,2.06,1.03,0.0,0.0,0.0,0.0,0.0,0.0,1.03,1.03,0.0,0.0,0.0,4.12,13.4,0.0,3.09,0.0,1.03,2.06,4.12,0.0,0.0,0.0,0.0,0.0,0.0,34.02,2.06,0.0,2.06,0.0,14.43
JzcylDGwRjk,1108,61.71,73.02,44.22,27.27,554.0,14.89,78.52,52.44,11.19,5.14,0.63,0.18,4.06,0.27,0.0,6.05,8.21,11.55,9.84,6.86,7.94,0.72,15.88,2.44,1.9,1.99,13.27,2.35,0.99,0.54,0.45,5.42,0.0,8.3,1.99,1.81,1.71,0.9,1.26,2.17,0.81,0.63,0.09,0.09,0.9,0.0,3.34,0.36,0.09,1.35,1.35,0.99,16.34,1.53,17.33,2.35,7.22,7.58,0.9,0.45,0.09,0.63,0.45,0.0,0.18,0.63,0.27,0.0,0.18,0.0,0.09
lTAQ2HRErYw,1204,34.15,52.99,55.59,88.84,1204.0,8.31,88.95,53.82,16.45,9.39,6.06,0.66,1.58,0.0,1.08,7.06,2.74,12.54,9.14,6.56,8.47,1.33,18.85,1.91,1.99,1.5,13.54,4.4,4.24,3.99,0.25,7.89,0.0,8.22,1.33,1.91,1.58,1.25,1.5,1.99,1.83,1.16,0.66,0.0,0.42,0.08,5.9,3.16,0.75,1.08,0.91,1.25,15.78,3.16,14.04,3.41,7.56,2.99,0.42,0.33,1.99,2.57,0.08,1.99,0.42,0.83,0.17,0.0,0.17,0.0,0.5
PouihkhCpIc,1556,39.31,55.62,89.13,43.32,1556.0,13.5,83.42,52.96,13.95,8.68,4.18,3.86,0.64,0.0,0.0,5.27,4.76,11.57,8.03,6.75,11.38,0.96,16.26,2.7,2.25,0.84,16.39,2.06,1.86,1.41,0.45,5.4,0.0,10.15,1.41,1.74,2.25,2.57,0.64,3.34,0.71,0.13,0.58,0.0,0.19,0.0,8.48,3.86,0.64,2.31,1.41,1.93,12.92,1.74,21.72,4.24,9.77,7.97,0.9,0.13,0.0,0.51,0.06,0.19,0.26,0.84,0.19,0.0,0.13,0.0,0.51
uRrsTH3qC5c,529,26.65,62.61,25.31,97.67,529.0,20.6,82.61,56.9,13.8,6.24,0.57,3.78,1.89,0.0,0.0,7.56,7.56,8.13,10.4,6.24,8.51,6.43,14.93,5.86,2.46,1.7,10.4,0.95,6.05,5.67,0.38,6.62,0.0,12.29,3.59,3.02,1.13,1.51,3.21,2.08,0.95,0.0,0.38,0.19,0.0,0.0,10.78,3.78,0.76,1.32,4.54,1.7,12.1,2.65,11.91,2.65,4.16,5.1,1.32,0.0,0.0,4.54,0.95,3.59,0.0,2.46,0.19,0.0,0.38,0.0,1.7
NRlAWXJzNr8,1247,29.95,81.11,23.98,51.27,1247.0,14.03,84.92,54.93,15.4,9.54,1.84,4.81,1.6,1.2,0.08,5.85,4.41,11.15,8.18,6.9,10.91,2.49,14.84,2.57,1.84,1.6,14.11,2.97,2.65,2.0,0.64,8.66,0.0,10.83,2.73,1.6,2.17,2.25,1.6,1.92,0.8,0.24,0.4,0.08,0.32,0.0,10.1,5.05,0.72,1.76,2.25,2.73,10.83,1.6,13.63,2.65,6.5,4.73,1.12,0.08,2.89,0.88,0.8,0.08,0.0,1.76,0.4,0.0,0.16,0.0,1.12
3oIBsiZxNRw,1020,22.62,90.04,29.93,59.17,1020.0,14.8,82.84,60.2,13.04,7.84,0.29,6.76,0.69,0.0,0.1,5.2,5.59,12.75,10.1,7.75,15.59,3.33,17.06,4.02,1.96,0.78,10.59,1.18,1.76,1.76,0.0,11.08,0.1,7.94,1.96,0.88,0.98,1.67,2.55,2.06,1.47,1.37,0.1,0.29,0.88,0.59,14.22,8.73,1.47,1.57,2.75,1.47,14.41,3.24,14.51,2.65,4.61,6.67,0.69,0.29,0.0,0.29,0.0,0.1,0.2,0.29,0.1,0.0,0.2,0.0,0.0
QxXR0fxvTgM,170,52.71,97.69,1.0,36.08,170.0,5.29,75.88,54.12,20.0,12.35,0.59,1.18,0.0,10.59,0.0,7.65,3.53,14.71,8.82,4.71,4.71,0.0,19.41,0.59,1.18,1.76,17.65,2.35,0.59,0.59,0.0,21.18,0.0,5.29,1.76,0.59,1.18,1.18,0.59,1.76,0.59,0.59,0.0,0.0,0.0,0.0,9.41,6.47,0.59,1.76,1.18,7.65,10.59,1.18,10.0,0.59,7.06,2.35,0.0,0.0,0.0,0.59,0.0,0.0,0.59,3.53,0.0,0.0,1.18,0.0,2.35
yVZaPTMZUlM,554,47.97,78.12,47.18,89.33,554.0,13.9,89.53,55.96,16.61,10.83,3.43,0.36,3.61,0.0,3.43,5.78,6.68,12.64,6.5,5.6,11.19,1.08,14.44,4.69,3.07,0.36,5.05,2.53,4.33,3.97,0.18,12.45,0.0,11.73,2.35,1.08,1.99,5.05,0.72,4.15,0.9,0.36,0.18,0.36,1.44,0.0,10.83,3.61,1.26,1.99,3.97,0.9,12.45,0.72,12.64,1.99,6.5,4.51,4.15,3.25,0.72,0.9,0.18,0.36,0.36,0.36,0.0,0.0,0.36,0.0,0.0
51rqdW3u02M,1188,30.44,75.77,12.08,96.96,1188.0,12.12,83.59,57.41,13.38,5.89,0.42,3.2,1.85,0.0,0.42,7.49,6.06,11.95,9.43,9.43,11.36,2.53,13.3,3.45,3.7,2.19,8.08,1.18,5.39,5.22,0.17,7.24,0.0,8.42,1.35,2.61,1.09,1.26,0.84,2.36,2.02,0.93,0.67,0.08,0.34,0.0,9.6,3.62,0.67,1.85,3.45,2.19,12.21,0.93,10.94,1.35,4.71,4.63,1.01,0.25,0.08,4.8,0.93,4.12,0.34,1.68,0.84,0.0,0.17,0.0,0.67
2-aPVBmi0P8,1257,47.12,72.46,35.03,46.28,1257.0,14.64,82.66,58.71,17.5,10.1,4.3,3.9,1.03,0.0,0.88,7.4,8.75,11.93,9.55,6.13,8.51,0.95,16.31,3.18,2.39,0.88,5.01,2.63,1.91,1.51,0.4,8.35,0.0,9.47,2.31,0.88,2.63,2.15,1.11,2.07,2.07,1.43,0.24,0.4,1.43,0.24,9.63,4.53,0.48,0.95,3.42,1.75,13.37,1.03,12.65,1.51,6.76,4.22,1.03,1.43,0.08,0.4,0.16,0.24,0.0,0.48,0.16,0.0,0.16,0.0,0.16
bVSIaWBYtuw,1046,39.52,95.63,45.15,62.04,1046.0,12.81,86.62,57.27,17.21,9.37,0.67,6.41,0.96,0.29,1.05,7.84,5.45,12.62,9.75,6.41,9.18,0.19,18.26,2.49,1.24,2.29,8.41,1.34,2.1,2.01,0.1,12.81,0.76,11.95,2.77,2.49,2.58,2.1,1.63,2.2,1.63,1.24,0.38,0.0,0.76,0.1,11.66,7.74,0.76,1.63,1.53,2.87,14.72,1.72,17.5,4.49,7.65,5.07,1.24,0.76,0.0,1.15,0.48,0.19,0.38,0.76,0.1,0.0,0.19,0.0,0.38
FuFyo9Zd9e0,251,68.14,66.94,35.22,47.9,251.0,17.13,80.88,57.37,9.96,4.38,0.8,1.2,1.59,0.0,0.8,5.58,6.77,17.13,9.96,4.78,11.55,1.99,14.34,1.99,2.79,1.59,8.37,2.79,1.2,1.2,0.0,7.97,0.0,13.15,1.59,3.98,1.59,3.59,1.2,3.59,0.8,0.0,0.8,0.0,0.4,0.0,5.58,3.59,0.4,0.4,1.59,0.8,11.16,2.39,14.34,2.39,7.17,4.78,0.0,0.4,0.0,1.59,0.0,1.2,0.4,0.8,0.0,0.0,0.8,0.0,0.0
PFn5uO78D8U,831,52.78,96.69,5.78,45.67,831.0,14.92,78.7,60.77,14.92,9.51,0.0,7.58,0.96,0.0,0.96,5.42,8.66,14.2,10.23,7.22,9.75,0.72,12.88,2.41,2.65,0.36,6.26,1.81,1.08,1.08,0.0,12.39,0.0,8.3,1.44,1.81,0.72,3.13,0.24,1.81,1.08,1.08,0.0,0.0,1.2,0.12,12.52,8.78,0.96,0.72,2.05,0.48,15.16,0.84,9.03,1.08,3.85,3.37,0.96,1.2,0.0,0.24,0.0,0.0,0.24,0.84,0.12,0.0,0.24,0.0,0.48
yDJ5Fn06OqA,128,74.53,82.58,3.57,55.21,128.0,9.38,80.47,48.44,10.94,4.69,0.0,2.34,2.34,0.0,0.0,6.25,7.03,13.28,8.59,3.91,8.59,0.0,11.72,2.34,2.34,0.78,6.25,7.81,1.56,1.56,0.0,6.25,0.0,13.28,4.69,0.78,2.34,3.91,3.12,1.56,1.56,1.56,0.0,0.0,3.12,0.0,5.47,3.12,0.0,0.0,2.34,1.56,10.16,1.56,6.25,0.78,3.12,2.34,0.0,0.78,6.25,0.0,0.0,0.0,0.0,2.34,0.0,0.0,1.56,0.0,0.78
YUOXh6eFCrU,615,82.32,94.61,7.88,81.45,615.0,15.28,87.97,53.17,13.01,7.8,0.0,4.39,2.44,0.33,0.65,5.2,8.78,15.61,6.99,4.88,7.32,0.16,14.47,4.72,2.11,1.95,6.18,5.53,3.09,3.09,0.0,10.24,0.33,9.59,2.6,1.3,3.25,2.11,0.98,0.81,1.3,0.98,0.33,0.0,1.63,0.0,8.29,4.55,0.65,1.3,1.95,1.14,11.71,2.76,12.68,2.28,5.53,5.04,1.14,1.3,4.88,0.65,0.16,0.49,0.0,3.09,0.81,0.0,0.33,0.0,1.95
xiHcVRFBnA0,77,86.99,44.85,18.34,25.77,77.0,24.68,71.43,50.65,5.19,3.9,1.3,1.3,1.3,0.0,0.0,1.3,7.79,15.58,9.09,3.9,2.6,7.79,15.58,0.0,0.0,0.0,22.08,2.6,0.0,0.0,0.0,5.19,0.0,3.9,2.6,1.3,0.0,0.0,0.0,0.0,0.0,0.0,0.0,0.0,2.6,1.3,6.49,2.6,1.3,1.3,1.3,1.3,11.69,2.6,11.69,3.9,2.6,3.9,3.9,1.3,0.0,0.0,0.0,0.0,0.0,3.9,0.0,0.0,2.6,0.0,1.3
zcMrjedUJIQ,741,69.27,93.28,1.23,32.73,741.0,17.95,79.62,47.64,14.04,6.88,0.13,3.78,1.62,0.0,1.35,7.15,6.07,12.15,8.37,4.45,4.86,0.4,14.44,4.18,3.51,1.08,12.15,2.02,2.02,1.21,0.81,13.09,0.0,11.61,0.81,1.48,4.45,1.62,2.16,2.97,2.97,0.27,0.81,1.89,5.8,0.67,6.88,4.18,0.94,0.4,0.94,0.94,10.12,0.54,7.96,0.67,4.59,2.56,2.97,2.83,0.13,0.27,0.13,0.0,0.13,1.35,0.54,0.0,0.27,0.0,0.54
GvCv2Pz0o3I,1516,48.61,77.99,12.34,66.94,1516.0,12.99,83.51,52.7,14.84,7.12,2.11,2.57,1.91,0.0,0.53,7.72,6.2,11.21,8.77,6.0,8.84,0.4,14.91,3.89,3.69,1.52,9.96,4.49,3.36,2.77,0.59,8.31,0.0,11.28,1.91,1.78,3.03,2.37,1.65,2.57,1.91,1.06,0.66,0.13,2.04,0.2,7.12,2.7,0.86,1.25,1.85,2.04,11.94,1.45,10.49,0.92,6.33,3.03,2.7,2.11,0.26,1.06,0.07,0.66,0.26,1.85,0.4,0.0,0.13,0.0,0.99
IiTHAXv4_ts,1132,59.01,61.48,40.27,45.23,1132.0,16.96,82.86,57.16,13.69,7.07,1.86,2.92,2.12,0.0,0.18,6.63,6.63,14.58,8.83,5.83,7.07,3.53,15.55,4.51,3.36,1.24,9.54,3.09,3.0,2.03,0.97,6.36,0.0,11.04,2.12,1.41,2.03,2.3,2.03,3.09,0.88,0.44,0.35,0.09,1.06,0.88,9.1,3.18,1.33,1.33,2.65,1.77,12.63,1.33,14.49,2.3,7.42,4.77,1.94,0.09,0.0,0.62,0.09,0.27,0.27,1.59,0.53,0.0,0.18,0.0,0.88
zeqrf8ZVQSs,1392,64.35,64.84,38.99,65.25,1392.0,15.37,83.48,55.89,10.7,6.54,0.93,2.66,2.01,0.0,0.93,4.17,8.84,12.86,9.63,5.39,8.12,3.66,18.39,5.82,3.45,1.65,12.64,2.01,3.23,2.66,0.57,6.97,0.14,11.28,2.87,0.79,1.51,2.51,2.37,3.23,1.22,0.93,0.14,0.14,0.14,0.07,10.42,3.45,0.72,1.94,4.09,2.16,13.51,2.16,13.79,3.23,7.04,3.66,0.57,0.22,1.22,0.57,0.0,0.0,0.57,0.86,0.36,0.0,0.14,0.0,0.36
za5uuoQJmmw,739,38.14,86.64,36.59,79.9,739.0,13.53,90.8,57.24,18.94,10.01,3.52,0.41,5.68,0.0,0.41,8.93,5.82,12.04,6.36,6.77,10.96,0.0,13.4,4.87,3.65,1.76,3.11,2.57,2.98,2.98,0.0,12.99,0.41,13.94,1.76,2.3,3.52,5.28,1.35,4.47,0.14,0.0,0.0,0.14,1.35,0.54,12.58,4.33,1.76,3.92,3.52,1.08,12.58,1.49,12.72,2.57,7.98,2.17,4.19,4.33,0.54,1.35,0.68,0.27,0.41,0.54,0.0,0.0,0.27,0.0,0.27
b7l5KEKtcIg,436,39.23,89.21,15.49,76.61,436.0,13.07,91.74,56.88,17.43,11.7,2.52,0.0,4.13,0.23,4.82,5.73,5.5,11.7,5.05,6.65,12.16,0.69,11.24,4.13,2.98,0.46,3.44,2.52,3.67,3.21,0.46,16.06,0.23,14.68,1.38,2.75,3.9,6.65,2.29,4.59,0.69,0.46,0.23,0.0,2.06,0.0,11.01,3.67,2.06,3.67,3.21,1.83,9.4,0.92,10.55,1.38,7.8,1.61,3.9,6.42,2.52,1.38,0.69,0.23,0.46,1.15,0.46,0.0,0.46,0.0,0.23
ku1rHYu6K9Q,1000,71.97,88.48,24.19,52.0,1000.0,13.6,86.8,48.1,11.3,6.3,0.2,4.7,1.0,0.0,0.4,5.0,7.9,12.3,6.3,6.1,8.9,0.4,16.0,2.3,2.1,1.8,7.9,5.5,2.4,1.9,0.5,8.0,0.1,11.0,4.4,2.7,2.0,1.9,1.3,1.1,1.2,0.4,0.8,0.0,0.0,0.0,10.8,5.9,2.1,1.3,1.0,0.5,14.2,1.3,13.1,3.5,5.1,4.6,2.8,1.0,6.5,0.8,0.1,0.6,0.1,1.5,0.1,0.0,0.2,0.0,1.2
aigXaO8ewdg,429,59.79,75.06,26.6,69.7,429.0,12.12,86.48,57.11,17.25,9.32,3.03,3.26,2.56,0.23,0.23,7.93,6.99,15.15,5.83,6.29,9.09,1.17,13.75,3.03,2.33,2.1,4.9,2.33,4.2,3.26,0.93,7.69,0.23,12.12,0.7,3.5,3.03,3.5,1.63,2.56,3.26,1.63,0.93,0.7,0.47,0.0,9.32,3.73,1.17,1.17,3.5,0.7,11.89,2.33,14.22,3.5,7.69,3.03,1.63,0.93,0.23,2.1,0.7,1.4,0.23,3.03,0.23,0.0,0.47,0.0,1.86
i1quLORCZ2g,212,67.43,50.0,30.41,18.79,212.0,12.26,79.25,45.28,10.38,5.19,1.89,0.47,0.0,2.83,0.0,5.19,3.3,13.68,7.08,5.66,8.02,0.47,11.79,2.36,2.36,1.89,18.4,3.3,0.47,0.0,0.47,3.77,0.0,5.19,1.89,1.42,0.47,0.94,0.47,1.89,0.94,0.94,0.0,0.0,0.94,0.47,3.77,0.94,0.47,1.89,0.94,5.66,6.13,1.42,15.57,2.36,8.49,4.72,0.47,0.0,8.49,0.0,0.0,0.0,0.0,2.36,0.0,0.0,0.94,0.0,1.42
b_zqUaywNAE,222,14.06,70.57,21.26,87.53,222.0,14.86,95.5,63.96,16.22,8.56,1.8,4.05,2.25,0.0,0.45,7.66,4.05,12.61,12.16,9.91,9.01,5.41,19.82,5.41,0.9,3.15,5.86,3.15,4.5,4.05,0.45,8.56,0.45,15.77,2.25,2.7,3.6,0.9,5.41,1.8,1.8,1.35,0.0,0.45,0.0,0.0,11.26,4.5,0.9,2.25,3.6,0.9,14.86,2.25,13.96,2.7,6.76,3.6,0.45,0.0,0.0,5.41,1.35,2.7,0.45,0.9,0.0,0.0,0.9,0.0,0.0
LaSgcIsnXlU,1590,63.21,52.52,23.19,59.1,1590.0,12.58,78.24,51.57,12.64,5.47,2.58,0.94,1.82,0.0,0.13,7.17,7.23,12.64,8.18,6.04,8.49,0.75,15.72,4.65,3.65,1.32,12.08,5.09,2.39,2.08,0.31,3.9,0.0,13.08,3.08,3.02,2.08,1.76,3.08,2.7,0.75,0.44,0.13,0.0,0.5,0.31,5.97,1.01,1.38,0.57,2.96,0.69,13.77,1.45,10.31,0.94,5.35,4.09,1.13,0.25,0.0,1.38,0.06,0.82,0.5,1.19,0.31,0.0,0.13,0.0,0.75
wOpw9aFCfPU,1637,44.97,83.43,23.25,55.73,1637.0,10.45,83.87,58.03,13.26,6.41,0.0,4.58,1.77,0.06,0.0,6.84,6.05,14.29,9.22,8.67,10.57,1.34,15.09,3.91,3.24,1.65,9.84,3.42,2.69,2.14,0.55,7.39,0.06,11.18,2.5,1.65,2.5,2.75,0.73,2.69,2.02,0.43,0.37,1.1,1.41,0.0,9.35,4.58,1.28,0.92,2.44,2.5,11.85,1.83,13.99,1.65,7.33,4.83,0.67,0.49,0.37,1.53,0.55,0.73,0.43,0.92,0.43,0.0,0.12,0.0,0.37
JB5zC2nu4Cc,712,59.58,50.56,43.94,70.68,712.0,10.39,84.41,57.58,15.59,8.15,2.95,3.79,1.26,0.0,0.14,7.44,5.34,16.43,7.44,4.78,9.27,2.25,14.33,8.29,7.87,0.84,10.53,6.88,2.39,2.39,0.0,6.04,0.0,13.76,3.51,2.39,2.11,2.53,1.54,5.76,0.7,0.42,0.28,0.0,0.0,0.0,10.25,4.35,2.25,0.98,2.67,1.12,13.34,1.26,9.97,1.69,5.34,2.53,0.7,0.0,0.0,0.7,0.14,0.0,0.56,0.28,0.0,0.0,0.28,0.0,0.0
7222_XNBmeo,267,41.47,61.79,5.2,98.39,267.0,9.36,85.39,53.18,16.1,8.99,3.37,1.12,0.37,3.75,0.37,7.12,3.75,13.11,11.24,6.74,6.74,0.0,18.35,6.37,6.37,1.87,12.36,5.62,5.62,5.62,0.0,9.36,3.75,13.86,2.62,1.12,4.49,0.37,1.87,4.49,0.75,0.37,0.37,0.0,0.0,0.0,8.61,4.12,2.25,0.75,4.12,0.75,15.73,2.25,8.99,0.37,4.12,4.12,0.75,6.74,0.0,0.37,0.0,0.0,0.37,1.12,0.37,0.0,0.75,0.0,0.0
Gep1hN-yeFQ,997,48.82,76.49,59.66,78.95,997.0,10.93,88.47,58.98,17.35,9.33,2.11,6.42,0.6,0.0,0.2,8.02,4.81,15.15,10.03,4.81,7.32,1.81,18.25,6.02,5.52,2.21,7.82,4.21,3.91,3.41,0.5,8.43,0.1,12.14,2.31,2.51,1.71,2.01,1.6,4.31,1.5,1.0,0.2,0.3,0.3,0.0,10.93,6.82,1.3,1.3,1.71,1.5,13.44,2.31,15.45,2.91,7.92,4.41,0.6,0.1,0.2,1.1,0.0,0.1,0.9,0.3,0.1,0.0,0.2,0.0,0.0
Re9DQipGsbs,1645,37.17,58.18,44.99,97.66,1645.0,10.58,91.31,58.78,15.93,7.54,2.25,2.67,2.31,0.06,0.24,8.27,4.5,14.04,10.58,6.38,9.12,2.07,18.54,9.06,8.51,2.07,8.02,5.35,6.26,5.78,0.49,8.02,0.06,16.41,1.64,1.58,3.1,4.01,2.43,6.63,2.98,1.46,1.4,0.0,0.24,0.06,6.26,2.8,1.16,1.7,0.61,0.67,15.2,2.25,12.89,2.13,8.15,2.61,0.79,0.24,0.0,4.44,0.61,3.16,0.67,0.49,0.24,0.0,0.12,0.0,0.12
OYajy-IfgAo,388,57.51,48.97,37.4,73.86,388.0,14.43,82.73,50.52,10.05,5.15,1.03,2.58,1.29,0.26,0.0,4.9,6.7,11.34,6.96,5.15,12.63,1.55,15.21,10.31,7.99,1.8,6.19,7.47,5.15,3.87,1.29,5.93,0.26,15.21,3.09,3.61,3.09,1.8,0.26,7.47,1.8,0.52,0.77,0.52,1.03,1.03,11.34,3.09,3.35,1.29,2.32,1.29,12.11,4.38,10.82,2.58,3.87,4.38,3.35,0.26,0.0,1.8,0.0,1.8,0.0,1.03,0.52,0.0,0.52,0.0,0.0
NopDEaz6bL4,449,89.27,76.88,35.11,33.45,449.0,9.58,80.18,53.01,12.03,6.9,2.0,2.67,2.23,0.0,0.0,5.12,11.14,14.48,7.13,4.23,5.79,0.0,12.47,6.24,2.45,2.23,10.91,2.67,0.89,0.67,0.22,6.01,0.0,6.01,1.11,0.89,1.78,2.45,0.22,1.56,3.34,3.34,0.0,0.0,0.45,0.0,10.69,2.9,0.89,5.12,2.23,2.0,9.8,1.11,15.81,1.56,11.58,2.9,0.45,0.0,0.0,0.0,0.0,0.0,0.0,0.89,0.0,0.0,0.45,0.0,0.45
hCGgT7Gmzg0,157,85.12,87.42,19.89,49.48,17.44,13.38,73.89,52.87,12.1,6.37,0.0,0.0,6.37,0.0,0.0,5.73,10.83,14.01,7.64,5.1,6.37,0.0,9.55,3.18,3.18,1.91,9.55,0.64,1.27,1.27,0.0,7.01,0.0,6.37,1.27,0.64,2.55,3.18,0.0,1.91,2.55,1.91,0.64,0.0,0.0,0.0,2.55,0.0,2.55,0.0,0.0,1.91,8.92,2.55,15.29,0.64,10.19,4.46,0.0,0.0,0.0,0.64,0.0,0.64,0.0,24.84,0.0,0.0,1.27,0.0,12.74
kjpWYcNDgWc,61,94.65,62.85,14.89,83.88,7.62,4.92,80.33,39.34,9.84,1.64,0.0,0.0,1.64,0.0,0.0,8.2,9.84,13.11,8.2,1.64,1.64,0.0,13.11,9.84,6.56,3.28,0.0,6.56,3.28,3.28,0.0,3.28,0.0,13.11,3.28,1.64,0.0,1.64,4.92,1.64,4.92,0.0,1.64,3.28,0.0,0.0,4.92,0.0,4.92,0.0,0.0,1.64,11.48,0.0,9.84,0.0,4.92,4.92,8.2,1.64,0.0,4.92,0.0,4.92,0.0,24.59,0.0,0.0,3.28,0.0,0.0
Zsdv_X18wD8,2156,52.34,61.69,33.87,56.43,2156.0,9.88,81.49,51.9,13.73,4.73,1.62,2.23,0.56,0.09,0.23,9.0,4.73,12.94,8.21,6.63,9.0,0.23,15.07,2.74,2.09,1.62,12.8,2.69,1.62,1.62,0.0,4.27,0.09,9.69,1.95,2.55,1.86,1.48,1.35,2.23,0.97,0.51,0.28,0.05,0.09,0.09,4.64,2.41,0.37,1.11,0.74,1.72,10.3,2.6,14.66,2.37,9.14,3.15,0.56,0.19,0.0,1.21,0.28,0.65,0.28,0.6,0.19,0.0,0.09,0.0,0.32
EDS5lfRFARg,786,45.19,62.48,72.32,57.04,786.0,12.09,88.42,57.89,17.56,8.4,3.69,0.64,3.44,0.0,0.64,9.16,7.12,12.85,9.29,7.63,7.76,0.38,15.9,6.49,4.96,2.29,4.83,2.04,1.91,1.78,0.13,6.36,0.51,13.49,3.18,2.16,2.42,3.69,0.64,3.18,2.16,1.53,0.13,0.38,0.38,0.13,3.69,0.64,0.76,1.91,0.76,1.15,13.87,1.02,16.92,1.65,12.47,2.8,1.53,0.0,0.0,1.27,0.25,0.64,0.38,0.51,0.0,0.0,0.25,0.0,0.0
fDj2x3Cb8ts,64,82.6,31.97,7.84,25.77,64.0,9.38,75.0,54.69,9.38,4.69,1.56,3.12,0.0,0.0,0.0,4.69,12.5,10.94,14.06,1.56,1.56,4.69,18.75,0.0,0.0,3.12,7.81,1.56,0.0,0.0,0.0,4.69,0.0,14.06,1.56,0.0,1.56,3.12,1.56,6.25,6.25,6.25,0.0,0.0,0.0,0.0,3.12,3.12,0.0,0.0,0.0,3.12,12.5,0.0,4.69,0.0,4.69,0.0,0.0,0.0,0.0,1.56,1.56,0.0,0.0,4.69,1.56,0.0,3.12,0.0,0.0
xrUwPbeETXE,1410,71.88,74.08,25.35,28.13,19.05,19.72,77.87,52.06,12.55,5.25,0.35,4.04,0.28,0.0,0.57,7.3,8.58,12.84,7.87,6.31,6.88,0.64,13.48,3.19,2.34,1.56,6.1,1.77,0.71,0.43,0.28,6.52,0.0,10.5,2.98,1.91,1.56,2.13,0.5,3.4,3.76,3.62,0.07,0.0,0.0,0.0,7.66,4.26,0.5,2.62,0.64,1.21,10.99,0.85,11.84,1.21,8.01,2.41,2.62,0.07,0.0,0.35,0.0,0.21,0.14,16.17,0.85,0.0,0.14,0.14,0.85
NzcTKGxwCCE,573,39.68,86.04,45.0,48.43,573.0,10.3,85.17,55.67,14.49,7.68,1.05,0.87,5.76,0.0,0.0,6.81,6.11,11.69,7.33,6.81,13.79,0.0,15.36,3.49,2.44,1.22,8.73,0.17,1.57,1.4,0.17,7.16,0.0,8.38,0.52,1.92,1.92,0.87,2.62,1.92,1.75,1.22,0.0,0.52,0.87,0.17,6.81,1.4,0.7,3.32,1.22,1.05,12.39,3.66,18.67,2.62,8.9,7.16,2.09,0.52,0.17,0.0,0.0,0.0,0.0,0.52,0.17,0.0,0.35,0.0,0.0
xWUC47m9uKY,957,35.02,39.68,51.41,42.85,957.0,14.84,81.4,55.9,13.38,6.37,3.97,0.73,0.52,0.1,1.04,6.69,7.73,8.78,9.2,9.82,9.72,0.73,14.0,2.72,2.82,0.84,7.73,1.88,1.36,1.15,0.21,3.45,0.1,10.76,1.88,1.99,2.19,2.09,1.15,2.61,4.18,4.08,0.1,0.0,0.0,0.0,3.24,1.15,0.42,1.04,0.42,1.15,10.24,4.08,15.05,1.36,7.94,5.75,0.31,0.0,0.0,1.67,0.31,1.25,0.1,0.21,0.0,0.0,0.21,0.0,0.0
eBsa_1cpN9s,294,44.79,36.69,39.4,31.57,294.0,8.5,78.91,61.56,16.33,7.14,5.78,0.68,0.68,0.0,0.0,9.18,8.5,13.95,7.14,11.22,10.2,0.34,12.24,2.38,2.04,2.38,5.1,1.36,0.34,0.34,0.0,1.36,0.0,5.78,0.68,1.36,2.72,0.0,1.36,0.0,2.04,2.04,0.0,0.0,0.0,0.0,5.78,0.68,0.68,3.4,1.7,1.7,10.88,0.34,15.65,0.68,10.88,4.76,0.0,0.0,0.0,0.0,0.0,0.0,0.0,0.68,0.0,0.0,0.68,0.0,0.0
B64TkkVRAwI,811,61.08,92.88,41.62,9.22,811.0,13.07,89.52,59.68,15.29,7.89,0.12,1.48,6.17,0.0,0.12,7.4,11.47,12.33,8.75,7.03,9.74,0.0,16.52,6.91,3.95,3.95,1.97,0.86,3.33,0.99,2.34,8.63,0.0,7.4,1.36,2.22,1.6,1.6,0.74,1.48,5.06,4.44,0.0,0.12,0.99,0.0,5.67,1.6,0.74,1.73,2.1,2.22,13.44,1.36,18.37,1.73,12.82,3.82,0.25,0.0,0.0,0.49,0.25,0.0,0.25,1.48,1.23,0.0,0.25,0.0,0.0
hlD_j3AtxGs,200,92.28,84.14,66.17,25.77,200.0,26.0,76.5,45.0,10.5,7.5,0.0,0.0,6.5,0.0,1.0,3.0,11.0,12.5,4.5,3.5,6.0,0.0,6.0,5.0,3.5,2.5,4.0,3.5,1.0,0.5,0.5,7.5,0.0,10.0,2.5,2.5,1.5,3.5,0.0,4.0,4.0,4.0,0.0,0.0,0.5,0.0,2.5,0.0,0.5,1.5,1.0,0.0,8.0,0.5,18.5,0.0,16.5,2.0,1.0,0.0,0.0,0.0,0.0,0.0,0.0,7.5,6.5,0.0,1.0,0.0,0.0
ZALxVE9hJ1I,97,83.67,54.12,67.42,25.77,97.0,10.31,84.54,65.98,14.43,5.15,2.06,2.06,1.03,0.0,0.0,9.28,13.4,17.53,12.37,3.09,8.25,0.0,16.49,7.22,8.25,3.09,1.03,1.03,2.06,1.03,1.03,3.09,0.0,7.22,1.03,2.06,1.03,1.03,1.03,3.09,1.03,1.03,0.0,0.0,0.0,0.0,9.28,2.06,4.12,4.12,1.03,0.0,12.37,5.15,18.56,2.06,14.43,2.06,1.03,0.0,0.0,0.0,0.0,0.0,0.0,2.06,0.0,0.0,2.06,0.0,0.0
lYeqxD1f5co,2080,61.99,78.2,34.18,39.52,2080.0,14.38,88.08,58.89,13.8,5.53,0.62,2.07,2.26,0.0,0.58,8.27,10.38,12.6,9.95,6.49,9.13,0.29,15.14,5.0,3.41,1.39,3.03,3.8,1.63,1.15,0.38,6.88,0.0,11.63,2.12,1.73,1.83,3.27,1.68,2.5,4.13,3.89,0.1,0.1,0.29,0.0,4.09,2.31,0.38,1.2,0.48,1.92,11.92,1.54,15.14,1.06,10.82,3.12,0.87,0.19,0.1,0.62,0.0,0.43,0.19,1.06,0.96,0.0,0.1,0.0,0.0
c0roInrdEMQ,602,75.12,77.76,7.35,43.97,602.0,14.95,82.06,54.15,13.29,8.31,2.82,2.99,2.33,0.0,0.17,4.98,9.63,13.12,7.97,5.98,6.64,0.33,12.13,2.16,1.5,1.0,4.49,2.16,3.32,2.16,1.16,6.81,0.0,8.64,0.83,1.99,1.83,0.83,2.49,1.33,3.82,2.99,0.33,0.0,2.66,0.17,5.98,3.82,0.5,0.83,1.0,0.83,12.29,1.5,9.14,0.66,4.98,3.49,0.83,0.33,0.0,1.0,0.0,0.83,0.0,1.16,0.83,0.0,0.33,0.0,0.0
O-cawByg2aA,784,77.59,92.33,19.98,44.45,13.07,14.54,76.66,50.0,13.9,7.78,0.0,5.87,1.66,0.0,0.26,6.12,9.82,11.61,5.87,5.74,5.87,0.38,14.03,3.57,2.55,0.64,7.4,2.68,1.79,1.4,0.38,9.31,0.0,10.84,4.08,1.66,1.53,1.66,0.77,2.17,2.04,1.91,0.0,0.0,0.26,0.13,9.31,6.51,0.26,0.77,1.66,1.15,12.76,0.77,11.22,0.64,6.38,4.08,0.89,0.38,0.0,1.66,0.77,0.51,0.38,17.09,0.64,0.0,0.26,0.26,1.79
557vBwreipo,85,83.96,92.1,4.15,10.8,85.0,10.59,85.88,56.47,12.94,8.24,0.0,4.71,3.53,0.0,0.0,4.71,11.76,15.29,5.88,5.88,8.24,1.18,15.29,1.18,1.18,1.18,3.53,3.53,1.18,0.0,1.18,10.59,0.0,9.41,0.0,3.53,1.18,1.18,0.0,3.53,3.53,0.0,3.53,0.0,1.18,0.0,11.76,4.71,2.35,2.35,1.18,1.18,11.76,2.35,8.24,1.18,4.71,1.18,2.35,3.53,0.0,1.18,1.18,0.0,0.0,9.41,0.0,0.0,2.35,0.0,7.06
uAmVmeDooQ4,424,68.63,66.45,46.79,84.17,424.0,10.61,76.65,43.63,9.67,4.72,1.65,0.24,2.83,0.0,0.0,4.95,7.78,8.49,9.91,4.25,6.6,0.0,14.86,1.89,1.18,1.89,16.75,1.65,3.77,3.54,0.24,4.25,0.47,5.9,1.18,0.71,1.18,1.18,1.65,1.42,2.83,2.36,0.24,0.24,0.0,0.0,4.01,0.71,1.18,0.47,1.65,0.0,13.44,1.65,17.45,1.18,8.49,8.02,1.65,0.24,0.0,1.42,0.24,0.94,0.24,0.71,0.0,0.0,0.47,0.0,0.24
--2v7MZOJGg,678,81.2,84.92,19.23,67.58,678.0,11.06,85.84,57.37,12.98,5.46,0.44,3.1,1.47,0.0,0.44,7.52,11.8,14.45,7.96,7.08,6.78,0.0,15.93,2.8,2.51,1.03,4.42,2.95,2.51,2.36,0.15,7.82,0.15,10.62,3.1,1.92,2.21,2.65,1.33,1.62,3.83,3.39,0.44,0.0,0.29,0.15,6.19,3.1,0.74,2.21,0.0,1.18,13.27,1.18,12.83,1.77,7.96,2.8,1.03,0.29,0.0,1.47,0.59,0.0,0.88,0.88,0.0,0.0,0.29,0.0,0.59
AkTyNRAp2qg,622,46.93,51.93,44.02,49.72,622.0,10.29,86.66,57.07,15.43,6.43,2.73,0.96,2.41,0.0,0.32,9.0,7.56,11.25,11.25,5.79,8.04,0.32,16.56,3.86,2.41,1.93,9.97,2.89,2.25,1.77,0.48,4.66,0.0,13.34,1.45,2.73,3.38,4.5,1.13,4.5,2.57,1.77,0.16,0.48,0.16,0.0,4.34,0.96,0.48,0.96,1.77,1.45,13.67,1.93,14.79,0.96,10.61,3.22,0.96,0.0,0.32,0.8,0.32,0.32,0.16,0.64,0.16,0.0,0.32,0.0,0.16
IvU3rkSBxBE,1228,29.67,87.79,24.91,68.79,1228.0,11.64,77.28,52.77,14.98,7.82,0.49,3.66,1.95,0.0,1.71,7.17,5.86,9.12,9.53,7.74,10.5,0.65,15.8,5.21,2.85,0.49,8.55,3.58,3.75,3.01,0.73,9.61,0.08,8.14,2.69,0.98,0.98,1.63,0.73,2.44,1.79,1.55,0.24,0.0,0.16,0.0,7.98,5.05,0.81,0.65,1.14,0.65,15.88,1.06,12.3,1.22,7.08,3.09,0.24,0.0,0.08,1.87,0.0,1.63,0.24,0.33,0.16,0.0,0.16,0.0,0.0
3XddwCSMo-8,233,90.0,72.6,33.57,41.28,233.0,21.89,69.53,41.63,8.58,4.29,0.0,3.0,0.0,0.0,1.29,4.29,8.58,11.59,6.87,3.43,3.86,0.43,13.73,6.01,2.15,2.15,6.44,5.15,2.58,1.72,0.86,5.15,0.0,15.45,6.44,1.72,0.43,3.86,1.72,1.72,0.0,0.0,0.0,0.0,0.43,0.0,10.3,3.86,0.43,3.43,2.58,1.29,15.02,0.0,10.73,0.0,7.73,3.0,0.43,0.0,0.0,0.0,0.0,0.0,0.0,0.86,0.0,0.0,0.86,0.0,0.0
c-Sg1HWcES0,0,0.0,0.0,0.0,0.0,0.0,0.0,0.0,0.0,0.0,0.0,0.0,0.0,0.0,0.0,0.0,0.0,0.0,0.0,0.0,0.0,0.0,0.0,0.0,0.0,0.0,0.0,0.0,0.0,0.0,0.0,0.0,0.0,0.0,0.0,0.0,0.0,0.0,0.0,0.0,0.0,0.0,0.0,0.0,0.0,0.0,0.0,0.0,0.0,0.0,0.0,0.0,0.0,0.0,0.0,0.0,0.0,0.0,0.0,0.0,0.0,0.0,0.0,0.0,0.0,0.0,0.0,0.0,0.0,0.0,0.0,0.0
9JE8GeZA78s,720,22.8,61.49,36.24,59.99,720.0,10.14,85.28,56.81,19.86,8.47,4.17,0.83,2.5,0.0,0.97,11.39,3.47,11.11,8.89,6.39,10.14,0.69,17.08,3.75,2.78,1.53,8.61,4.58,3.47,2.64,0.83,7.5,0.0,12.64,2.22,1.11,2.5,4.44,0.69,3.06,1.53,0.83,0.28,0.42,0.0,0.0,8.06,0.83,1.53,1.39,4.03,2.5,13.33,2.22,11.94,0.97,7.36,3.61,1.25,0.42,0.0,1.25,0.14,0.42,0.56,0.42,0.14,0.0,0.28,0.0,0.0
efsoTjgOIf4,0,0.0,0.0,0.0,0.0,0.0,0.0,0.0,0.0,0.0,0.0,0.0,0.0,0.0,0.0,0.0,0.0,0.0,0.0,0.0,0.0,0.0,0.0,0.0,0.0,0.0,0.0,0.0,0.0,0.0,0.0,0.0,0.0,0.0,0.0,0.0,0.0,0.0,0.0,0.0,0.0,0.0,0.0,0.0,0.0,0.0,0.0,0.0,0.0,0.0,0.0,0.0,0.0,0.0,0.0,0.0,0.0,0.0,0.0,0.0,0.0,0.0,0.0,0.0,0.0,0.0,0.0,0.0,0.0,0.0,0.0,0.0
gjJAXY_g-dA,72,62.04,20.24,74.76,51.78,72.0,9.72,73.61,47.22,12.5,8.33,8.33,0.0,0.0,0.0,0.0,4.17,11.11,5.56,9.72,2.78,8.33,0.0,11.11,0.0,0.0,1.39,18.06,0.0,1.39,1.39,0.0,0.0,0.0,2.78,0.0,0.0,1.39,0.0,1.39,0.0,1.39,1.39,0.0,0.0,0.0,0.0,2.78,0.0,0.0,0.0,2.78,0.0,11.11,2.78,18.06,0.0,8.33,9.72,0.0,1.39,0.0,1.39,0.0,0.0,1.39,5.56,0.0,0.0,2.78,0.0,2.78
zce6RScG2_k,103,51.6,68.62,58.76,25.77,103.0,10.68,86.41,46.6,8.74,2.91,0.97,1.94,0.0,0.0,0.0,5.83,9.71,4.85,8.74,6.8,10.68,0.0,12.62,1.94,0.97,0.97,15.53,2.91,0.0,0.0,0.0,4.85,0.0,5.83,0.0,1.94,0.0,0.0,2.91,0.97,5.83,4.85,0.97,0.0,0.0,0.0,2.91,1.94,0.0,0.0,0.97,0.0,12.62,2.91,20.39,1.94,11.65,6.8,0.0,0.0,0.0,0.97,0.0,0.0,0.0,2.91,0.97,0.0,1.94,0.0,0.0
Sx15ZqQPnHE,274,70.27,35.74,67.49,38.77,274.0,8.39,86.13,53.28,10.95,6.2,4.74,1.46,0.0,0.0,0.0,4.74,10.58,11.31,9.85,6.2,8.39,0.0,14.23,3.65,1.82,1.09,16.06,2.19,1.46,1.09,0.36,1.82,0.0,7.66,1.82,0.36,2.92,2.55,0.73,2.19,1.82,1.82,0.0,1.46,0.0,0.0,5.11,1.46,0.0,2.55,1.09,2.92,9.12,1.46,17.88,0.73,12.41,4.74,0.36,0.0,0.0,1.46,0.36,0.73,0.73,1.09,0.0,0.0,0.73,0.0,0.0
WOf2Kf0kNU8,203,67.03,50.0,72.74,43.74,203.0,10.34,85.22,47.29,10.34,4.43,3.45,0.99,0.0,0.0,0.0,5.91,7.88,11.33,7.39,5.91,10.34,0.0,11.33,4.43,2.96,0.99,15.76,3.45,1.97,1.48,0.49,3.45,0.0,4.93,1.48,0.0,0.0,0.49,1.97,0.99,1.97,1.48,0.49,0.99,0.0,0.0,5.42,1.97,0.0,0.99,2.46,0.99,9.85,1.97,18.72,0.99,15.76,1.97,0.0,0.0,0.0,1.48,0.0,0.99,0.49,1.48,0.49,0.0,0.99,0.0,0.0
O7YPymhfQec,128,60.61,53.12,74.76,25.77,128.0,8.59,88.28,48.44,10.16,3.12,1.56,1.56,0.0,0.0,0.0,7.03,11.72,6.25,10.16,6.25,8.59,0.0,13.28,5.47,3.91,0.0,16.41,3.12,0.0,0.0,0.0,1.56,0.0,5.47,1.56,1.56,0.0,0.78,0.78,0.78,3.12,3.12,0.0,0.0,0.0,0.0,2.34,1.56,0.0,0.0,0.78,0.78,13.28,0.78,21.09,0.0,18.75,2.34,0.0,0.0,0.0,0.0,0.0,0.0,0.0,1.56,0.0,0.0,1.56,0.0,0.0
HNEDBQYN0wE,484,48.46,94.4,10.37,72.22,484.0,12.81,88.02,58.47,15.29,7.85,0.0,1.86,5.17,0.21,0.62,7.44,7.44,12.81,10.54,7.64,7.85,0.41,17.56,4.55,1.65,2.27,1.03,4.34,2.48,2.48,0.0,14.05,0.21,18.18,2.48,2.07,4.34,8.26,1.03,4.75,1.65,0.62,0.83,0.21,3.1,0.21,7.23,2.27,0.62,3.1,1.45,1.86,12.19,1.65,10.74,0.62,8.68,1.45,2.27,0.62,0.21,1.65,0.41,0.41,0.83,0.41,0.0,0.0,0.41,0.0,0.0
acfjqWTwee0,826,46.21,93.93,10.76,53.06,22.32,12.71,85.47,57.51,16.71,9.69,0.73,1.94,6.05,0.0,0.97,7.02,7.26,11.74,9.69,5.33,9.08,0.48,17.68,4.96,1.57,0.97,7.26,3.75,1.45,1.45,0.0,11.02,0.0,16.1,1.21,3.03,3.39,5.69,1.94,2.3,1.45,0.85,0.48,0.12,0.24,0.12,6.54,2.18,1.33,1.45,1.69,1.69,11.86,2.54,12.71,1.82,5.93,4.96,2.3,0.0,0.0,0.85,0.0,0.12,0.36,15.62,0.0,0.0,0.24,0.0,7.75
VPM84_yfx5Q,278,86.67,72.95,32.91,38.57,12.64,20.5,86.33,55.4,11.15,6.47,1.08,0.36,1.08,0.0,3.96,4.68,14.03,13.67,6.83,6.83,7.19,1.08,10.43,4.32,0.36,2.16,3.24,8.27,0.72,0.72,0.0,8.63,0.0,10.07,1.8,1.08,0.36,1.08,4.68,1.8,2.52,1.08,0.36,1.08,1.44,0.0,9.35,0.72,0.36,7.91,0.36,1.44,9.35,0.72,14.03,0.36,9.35,4.32,6.12,0.36,0.0,0.0,0.0,0.0,0.0,25.18,1.08,0.0,0.72,0.0,11.51
jTb8NIxRRBc,5047,95.37,51.51,10.62,34.36,26.85,31.74,69.35,40.54,4.32,0.99,0.0,0.61,0.0,0.06,0.32,3.33,8.4,14.03,6.68,3.35,4.7,0.75,9.21,4.4,2.48,1.09,2.52,6.99,1.62,1.05,0.55,3.51,0.06,13.95,2.22,2.67,1.33,5.13,1.33,2.99,0.34,0.06,0.1,0.18,0.38,0.24,4.68,1.01,1.21,1.86,0.67,1.37,6.76,1.27,9.69,0.91,5.75,2.93,2.62,0.3,0.65,0.12,0.04,0.02,0.08,29.96,1.6,0.52,0.02,0.12,16.35
,0,0.0,0.0,0.0,0.0,0.0,0.0,0.0,0.0,0.0,0.0,0.0,0.0,0.0,0.0,0.0,0.0,0.0,0.0,0.0,0.0,0.0,0.0,0.0,0.0,0.0,0.0,0.0,0.0,0.0,0.0,0.0,0.0,0.0,0.0,0.0,0.0,0.0,0.0,0.0,0.0,0.0,0.0,0.0,0.0,0.0,0.0,0.0,0.0,0.0,0.0,0.0,0.0,0.0,0.0,0.0,0.0,0.0,0.0,0.0,0.0,0.0,0.0,0.0,0.0,0.0,0.0,0.0,0.0,0.0,0.0,0.0
Etp6km1JQi8,648,52.98,86.68,4.49,51.78,648.0,10.96,84.1,57.56,16.36,8.02,0.77,5.25,1.23,0.0,0.77,8.33,7.41,12.65,10.03,4.48,9.1,0.0,18.21,6.02,3.7,1.7,7.25,4.78,1.39,1.39,0.0,8.64,0.0,12.5,1.08,1.23,4.32,4.63,1.23,3.24,2.01,1.08,0.77,0.15,0.0,0.0,11.11,5.56,0.31,0.62,4.63,2.93,12.04,1.85,10.03,1.23,4.63,4.32,0.46,0.93,0.0,0.46,0.0,0.46,0.0,0.62,0.15,0.0,0.31,0.0,0.15
M8St8moqFq4,149,80.87,70.45,4.38,50.85,149.0,18.79,83.22,51.68,12.75,6.71,2.01,2.01,1.34,0.0,1.34,6.04,6.04,16.78,8.05,5.37,5.37,0.0,13.42,4.7,2.68,1.34,12.08,6.04,1.34,1.34,0.0,8.05,0.0,14.09,1.34,2.68,4.03,6.04,0.67,4.03,1.34,0.67,0.67,0.0,0.0,0.0,8.72,2.01,0.67,4.7,2.01,4.03,7.38,0.67,7.38,0.67,5.37,1.34,4.03,4.03,0.0,0.0,0.0,0.0,0.0,1.34,0.0,0.0,1.34,0.0,0.0
0KOT3mAtiNU,1630,59.61,76.73,13.18,48.54,1630.0,10.8,81.96,54.42,13.31,7.18,1.41,3.19,0.86,1.1,0.61,6.13,6.01,14.23,10.8,6.07,7.61,0.0,15.03,2.27,1.41,1.72,14.29,5.71,1.23,1.23,0.0,6.44,1.04,9.94,1.96,1.84,2.27,2.94,1.23,1.78,1.47,0.98,0.43,0.06,0.0,0.0,7.42,3.25,0.74,2.15,1.35,2.58,11.1,1.1,12.52,1.47,7.98,3.07,2.02,0.25,0.0,1.04,0.12,0.43,0.49,1.23,0.49,0.0,0.12,0.0,0.55
zHYDdT1pPIY,469,22.44,50.85,35.45,45.35,10.66,10.23,84.22,57.14,20.68,12.79,7.68,0.85,4.05,0.0,0.21,7.89,4.69,9.17,11.73,6.4,6.18,0.43,17.48,4.48,2.35,1.71,3.41,3.2,2.77,1.92,0.85,6.4,0.0,13.43,2.35,1.71,2.77,4.05,1.49,2.99,5.33,4.05,0.64,0.64,0.21,0.0,3.84,1.07,0.64,0.64,1.28,3.41,12.15,1.07,8.53,0.21,5.54,2.77,1.07,0.0,0.21,2.13,0.43,0.43,1.07,39.45,5.76,0.0,0.43,0.0,16.63
PqGc817jz3o,333,56.62,82.41,10.62,54.03,333.0,15.62,88.89,48.05,10.51,6.61,0.0,1.2,3.9,0.0,1.5,3.9,5.71,11.11,8.41,6.91,9.31,0.3,12.91,4.8,3.0,2.4,18.62,5.71,1.5,1.5,0.0,9.31,0.0,14.41,2.7,3.9,2.1,4.5,0.0,4.8,1.8,0.3,0.9,0.6,0.6,0.0,7.51,1.2,0.3,4.5,1.5,0.9,12.61,0.9,8.11,0.3,4.8,2.7,2.1,0.0,3.6,1.5,0.0,1.2,0.3,4.2,0.6,0.0,0.6,0.0,1.2
nK9Uf-7ijlk,850,62.24,83.27,2.03,25.77,850.0,15.88,87.65,50.12,11.41,6.24,0.47,0.47,3.76,0.94,0.59,5.18,6.24,12.82,8.71,7.06,8.47,0.0,15.41,2.59,1.18,2.59,13.06,5.65,1.41,0.71,0.71,7.41,0.0,14.12,3.53,2.71,5.18,2.71,1.76,1.53,1.41,1.18,0.12,0.35,2.12,0.0,6.35,1.06,0.59,2.94,1.65,2.24,11.29,0.94,9.29,0.24,5.29,3.53,4.71,0.35,0.59,0.0,0.0,0.0,0.0,1.88,1.41,0.0,0.24,0.0,0.24
1tz2bTKTWPg,358,80.44,46.65,25.45,51.93,358.0,9.78,74.86,48.6,9.5,4.75,2.51,1.12,0.28,0.0,0.84,4.75,7.82,14.25,5.59,7.82,7.54,0.56,14.8,6.98,3.35,1.4,15.36,4.19,1.96,1.68,0.28,3.07,0.0,15.64,5.87,0.56,2.23,0.84,4.19,2.23,0.28,0.0,0.28,0.0,0.28,0.28,5.31,1.68,0.84,1.4,1.68,0.28,15.64,0.56,8.66,0.0,3.91,4.19,0.56,0.0,0.0,1.12,0.84,0.0,0.28,0.56,0.0,0.0,0.56,0.0,0.0
7KnncF6Eomg,143,34.38,77.92,45.23,25.77,143.0,11.89,68.53,53.15,16.78,9.09,2.8,4.9,0.0,0.0,1.4,7.69,5.59,9.79,9.09,7.69,8.39,0.0,10.49,5.59,2.1,4.2,16.78,1.4,1.4,0.7,0.7,6.99,0.0,3.5,0.7,0.7,0.7,0.7,0.0,1.4,0.0,0.0,0.0,0.0,0.0,0.0,11.19,4.9,0.7,4.9,0.7,0.0,10.49,0.0,16.08,0.0,9.79,4.2,0.0,0.0,0.0,0.0,0.0,0.0,0.0,1.4,0.0,0.0,1.4,0.0,0.0
hhjOTt9EYyw,77,94.38,50.0,39.99,90.27,77.0,20.78,72.73,51.95,9.09,3.9,1.3,2.6,0.0,0.0,0.0,5.19,12.99,15.58,7.79,5.19,3.9,1.3,15.58,10.39,5.19,1.3,2.6,3.9,3.9,3.9,0.0,2.6,0.0,10.39,5.19,0.0,1.3,1.3,0.0,2.6,2.6,2.6,0.0,0.0,0.0,0.0,3.9,2.6,0.0,1.3,0.0,0.0,14.29,0.0,11.69,0.0,10.39,1.3,0.0,0.0,0.0,3.9,3.9,0.0,0.0,2.6,0.0,0.0,2.6,0.0,0.0
6x5FYrntm4Y,65,39.66,97.69,33.6,81.28,65.0,12.31,75.38,49.23,10.77,7.69,0.0,4.62,3.08,0.0,0.0,3.08,4.62,9.23,12.31,7.69,7.69,0.0,16.92,1.54,1.54,1.54,7.69,4.62,3.08,3.08,0.0,12.31,0.0,6.15,1.54,1.54,0.0,1.54,1.54,0.0,3.08,1.54,1.54,0.0,0.0,0.0,9.23,6.15,0.0,3.08,0.0,0.0,21.54,0.0,16.92,1.54,10.77,4.62,0.0,0.0,0.0,1.54,0.0,1.54,0.0,3.08,0.0,0.0,3.08,0.0,0.0
GbQcH5Zx9lE,993,62.43,60.73,32.81,72.86,993.0,9.06,82.28,55.69,14.0,6.14,1.31,2.11,1.51,0.0,1.21,7.85,9.57,11.28,7.55,5.94,9.37,0.5,12.89,5.74,4.33,1.11,11.18,5.34,2.72,2.62,0.1,5.34,0.0,12.79,2.82,0.7,1.91,3.83,1.61,4.43,1.21,0.7,0.2,0.3,0.3,0.0,4.33,2.32,0.2,1.01,0.81,1.61,10.07,0.81,11.68,1.11,6.65,3.73,0.91,0.2,0.0,1.21,0.1,1.01,0.1,0.4,0.2,0.0,0.2,0.0,0.0
#NAME?,951,70.9,82.53,20.16,45.07,951.0,12.41,86.65,57.2,10.83,4.42,0.32,2.21,1.58,0.0,0.32,6.41,11.04,12.41,9.15,8.1,8.62,0.0,17.03,6.94,5.05,2.94,2.94,5.68,2.31,1.68,0.63,9.57,0.0,15.14,3.15,2.42,2.31,5.99,0.84,3.68,2.73,2.1,0.53,0.11,0.11,0.0,5.47,2.63,0.74,1.89,0.53,2.1,13.35,0.74,11.15,0.63,9.04,1.58,1.16,0.32,0.11,0.84,0.0,0.53,0.32,0.42,0.21,0.0,0.21,0.0,0.0
dU-s0GWz2OQ,278,55.35,89.58,12.27,38.57,16.35,14.03,75.18,51.44,14.39,7.91,0.72,5.04,0.72,0.36,1.08,6.47,7.91,11.15,8.27,5.76,9.71,0.0,14.75,3.96,4.32,3.24,11.51,2.16,1.44,1.08,0.36,9.71,0.36,8.27,1.8,1.08,1.08,2.16,0.72,2.16,1.08,1.08,0.0,0.0,0.0,0.0,12.23,7.55,1.44,0.72,2.52,0.36,12.95,1.8,10.79,0.36,4.32,5.4,0.72,0.0,0.0,0.36,0.36,0.0,0.0,12.23,0.0,0.0,3.6,0.0,0.0
uhwzHfHcDOQ,113,76.97,50.0,39.92,25.77,113.0,27.43,70.8,43.36,8.85,2.65,1.77,0.0,0.88,0.0,0.0,6.19,7.96,8.85,7.96,4.42,6.19,0.0,15.93,5.31,5.31,0.88,7.08,1.77,0.0,0.0,0.0,6.19,0.0,8.85,0.88,0.0,1.77,3.54,0.0,5.31,6.19,4.42,1.77,0.0,0.0,0.0,7.96,1.77,1.77,4.42,0.0,0.0,14.16,0.88,13.27,1.77,6.19,5.31,0.88,7.08,0.0,0.88,0.0,0.0,0.88,2.65,0.0,0.0,1.77,0.0,0.88
68BytWd8uD8,198,77.0,71.09,11.0,25.77,198.0,9.09,66.16,37.37,8.59,3.54,0.0,0.0,2.02,0.51,1.01,5.05,5.05,10.1,5.05,5.56,6.57,0.0,12.12,1.01,1.01,2.53,26.77,4.55,1.01,0.51,0.51,6.06,0.0,7.58,1.52,2.53,1.01,1.52,0.51,2.53,2.53,1.01,0.51,1.01,3.54,1.01,4.04,0.0,0.0,3.54,0.51,3.03,6.57,1.52,11.11,2.02,7.58,1.52,2.53,0.51,0.0,0.0,0.0,0.0,0.0,1.01,0.0,0.0,1.01,0.0,0.0
w-I_lAfmRxM,741,58.48,68.15,30.55,58.97,741.0,14.57,84.48,53.44,11.34,4.18,0.54,2.83,0.54,0.0,0.27,7.15,7.69,11.88,7.69,8.64,9.18,0.67,12.69,6.75,4.45,1.62,10.53,3.1,2.29,2.02,0.27,6.07,0.0,11.88,3.24,1.89,1.08,2.29,0.81,3.51,1.08,1.08,0.0,0.0,0.54,0.0,5.53,4.59,1.21,0.94,0.0,1.48,12.28,1.62,11.74,0.4,7.83,3.51,1.48,1.89,0.0,1.48,0.13,1.35,0.13,0.67,0.4,0.0,0.27,0.0,0.0
t1KXDricV54,942,33.64,63.7,21.9,59.97,942.0,15.07,89.7,59.45,11.89,5.41,1.49,1.27,2.44,0.0,0.21,6.37,6.58,12.85,10.3,12.21,11.25,0.64,16.67,5.41,2.76,2.12,6.37,4.14,2.65,2.23,0.42,5.63,0.0,22.08,3.08,3.5,2.02,9.34,3.61,3.72,3.72,3.4,0.21,0.11,0.53,0.11,5.41,1.59,0.53,1.59,1.38,1.27,13.48,2.34,10.08,1.06,5.31,3.82,0.21,0.42,0.0,1.49,0.21,0.96,0.42,1.8,0.21,0.0,0.21,0.0,1.38
GMiAbQ5yUDA,396,54.29,76.03,12.65,49.25,396.0,15.66,82.58,53.03,10.86,5.56,2.02,2.02,1.26,0.25,0.0,5.3,10.1,9.34,9.85,10.1,8.08,0.0,16.41,2.78,1.26,3.79,6.82,3.03,1.26,1.26,0.0,6.82,0.25,15.15,2.02,3.54,1.01,8.59,0.51,1.01,3.79,3.28,0.51,0.0,0.25,0.0,4.55,2.53,1.77,0.51,1.26,1.26,14.39,1.77,10.35,0.25,6.57,3.54,1.01,1.77,0.25,0.25,0.0,0.0,0.25,1.01,0.0,0.0,0.51,0.0,0.51
8254mpJprjk,1413,56.03,76.91,14.22,55.1,1413.0,13.87,82.45,57.75,15.0,6.51,1.13,3.47,1.27,0.0,0.64,8.42,7.78,12.95,9.84,6.37,8.0,0.35,15.99,3.47,2.41,2.19,11.39,3.26,1.7,1.63,0.07,6.58,0.0,12.81,2.48,1.49,2.69,4.67,1.56,2.48,1.56,0.78,0.57,0.07,0.21,0.0,5.8,3.61,0.64,1.34,0.42,0.78,13.02,1.77,11.18,2.26,6.3,2.62,0.71,0.21,0.0,1.27,0.14,0.42,0.71,1.56,0.21,0.0,0.14,0.0,1.2
F2rEhJdN-mk,151,20.57,27.57,38.23,50.49,151.0,16.56,81.46,52.32,14.57,3.31,1.99,1.32,0.0,0.0,0.0,11.26,5.3,7.28,10.6,9.93,5.96,3.97,16.56,6.62,0.66,1.99,9.27,5.96,1.32,1.32,0.0,3.31,0.0,15.89,3.31,2.65,0.0,2.65,3.31,4.64,7.28,7.28,0.0,0.0,0.0,0.0,4.64,1.99,0.66,0.66,1.32,0.66,13.91,0.66,9.27,1.32,5.96,1.99,0.0,0.0,0.0,1.32,0.0,0.66,0.66,2.65,0.0,0.0,1.32,0.0,1.32
xPjQixqiRwQ,141,72.05,47.16,33.47,15.75,141.0,11.35,85.11,57.45,14.18,3.55,2.84,0.0,0.0,0.0,0.71,10.64,8.51,15.6,8.51,6.38,7.09,0.71,13.48,2.84,2.84,4.26,9.93,5.67,2.13,0.71,1.42,4.96,0.0,15.6,3.55,2.13,0.71,4.96,3.55,2.13,0.0,0.0,0.0,0.0,0.0,0.0,9.22,3.55,3.55,1.42,3.55,0.0,13.48,2.84,10.64,0.0,5.67,4.96,1.42,2.84,0.0,0.0,0.0,0.0,0.0,1.42,0.0,0.0,1.42,0.0,0.0
rQ6EwArDtHc,107,79.64,79.98,35.01,42.74,107.0,8.41,83.18,55.14,12.15,6.54,0.93,4.67,0.0,0.93,0.0,5.61,6.54,18.69,6.54,9.35,6.54,0.0,14.02,2.8,2.8,1.87,10.28,2.8,0.93,0.93,0.0,6.54,0.93,9.35,1.87,1.87,4.67,3.74,0.0,1.87,6.54,6.54,0.0,0.0,0.0,0.0,9.35,4.67,0.93,2.8,1.87,1.87,11.21,0.93,19.63,1.87,11.21,6.54,0.0,0.0,0.0,0.93,0.0,0.0,0.93,2.8,0.0,0.0,1.87,0.0,0.93
hUj3o0bsXWo,160,83.17,66.91,5.22,25.77,160.0,9.38,80.62,46.25,8.12,5.62,1.88,0.62,1.25,0.0,1.88,2.5,6.25,15.62,8.12,5.62,7.5,0.0,13.75,10.62,3.12,1.88,15.0,6.88,0.0,0.0,0.0,5.62,0.0,11.25,0.62,3.12,3.75,3.75,1.25,1.25,8.12,8.12,0.0,0.0,0.0,0.0,5.62,1.88,1.25,1.88,1.25,1.25,7.5,0.62,11.25,5.0,3.75,3.12,0.62,0.0,0.0,0.0,0.0,0.0,0.0,3.12,0.62,0.0,1.25,0.0,0.0
xihRwuWXmDc,74,73.49,70.57,21.26,25.77,74.0,6.76,82.43,50.0,12.16,5.41,0.0,2.7,2.7,0.0,0.0,6.76,4.05,16.22,6.76,4.05,9.46,0.0,8.11,0.0,0.0,1.35,12.16,1.35,0.0,0.0,0.0,5.41,0.0,20.27,2.7,2.7,8.11,8.11,1.35,5.41,0.0,0.0,0.0,0.0,2.7,0.0,2.7,2.7,0.0,0.0,0.0,1.35,5.41,2.7,16.22,0.0,8.11,8.11,0.0,0.0,2.7,0.0,0.0,0.0,0.0,2.7,0.0,0.0,2.7,0.0,0.0
YN5fu74-pcM,1099,76.12,71.37,14.84,27.28,1099.0,15.92,79.25,53.69,10.92,4.91,0.27,1.73,2.27,0.64,0.0,6.01,9.92,13.28,8.1,7.19,7.73,0.27,13.92,3.0,1.36,2.18,10.1,2.09,0.64,0.36,0.27,5.28,0.0,12.01,2.18,1.64,2.55,4.73,0.91,3.09,2.27,2.18,0.09,0.0,1.64,0.0,4.09,1.82,0.18,1.27,0.73,1.36,12.1,0.73,12.37,1.27,5.19,4.46,1.36,1.0,0.18,0.27,0.09,0.18,0.0,2.73,0.27,0.0,0.18,0.0,1.55
8nC0VnSRYgQ,209,59.16,81.84,8.91,52.71,209.0,11.48,77.51,54.07,10.53,5.74,0.0,4.31,1.44,0.0,0.0,4.78,8.61,11.96,11.0,9.09,7.66,0.0,13.4,3.83,2.87,2.39,10.05,4.31,1.44,1.44,0.0,6.22,0.0,15.79,0.0,2.39,4.78,6.7,1.91,2.87,1.44,1.44,0.0,0.0,0.0,0.0,6.22,4.31,0.48,1.44,0.48,2.39,8.61,0.96,14.83,2.39,5.26,6.7,0.0,0.0,0.0,0.48,0.0,0.0,0.48,2.39,0.96,0.0,0.96,0.0,0.48
OauYLIJB8Mk,253,87.65,50.0,60.07,32.56,253.0,9.49,85.77,54.94,11.07,3.56,1.19,2.37,0.0,0.0,0.0,7.51,13.04,13.04,8.3,4.35,5.53,1.58,12.65,5.53,1.98,2.37,10.28,4.35,0.4,0.4,0.0,3.95,0.0,10.67,3.16,0.0,1.98,4.35,1.19,3.56,7.11,6.32,0.79,1.19,0.4,0.0,4.35,2.77,0.79,0.4,0.4,1.58,11.46,0.4,16.6,0.4,13.44,2.77,0.4,0.0,0.0,1.19,0.79,0.0,0.4,0.79,0.0,0.0,0.79,0.0,0.0
ByHwtLjujlE,606,45.29,71.82,18.75,47.1,606.0,11.55,83.0,54.79,11.55,6.11,0.17,3.8,2.15,0.0,0.0,5.45,8.42,10.23,8.09,9.74,10.23,1.65,12.71,5.45,1.65,1.82,8.91,3.8,1.49,1.32,0.17,6.77,0.0,16.17,1.49,2.64,2.97,5.78,1.16,5.12,4.79,4.29,0.17,0.17,0.0,0.0,8.09,4.46,0.33,0.83,2.31,1.65,9.41,2.31,11.88,1.82,4.79,5.28,0.5,0.0,0.0,1.49,0.17,1.16,0.17,0.66,0.0,0.0,0.33,0.0,0.33
snWh8VxaKek,597,54.33,86.19,5.79,44.14,14.93,12.9,83.08,52.6,12.9,6.53,0.0,2.18,2.68,1.68,0.0,6.37,9.72,9.88,8.54,10.22,7.04,0.34,16.58,3.52,3.18,1.84,4.52,4.36,1.68,1.34,0.34,8.71,1.34,13.74,2.85,1.34,2.01,5.53,1.51,2.35,3.52,0.84,2.51,0.34,1.01,0.0,5.7,2.68,0.84,0.84,1.17,1.84,14.91,1.01,10.05,2.51,4.19,3.69,1.84,4.36,0.0,0.5,0.17,0.0,0.34,15.24,0.0,0.0,2.85,0.0,0.34
8waX7HzUxQQ,76,82.45,78.51,1.0,50.32,76.0,25.0,69.74,44.74,9.21,3.95,0.0,1.32,0.0,2.63,0.0,5.26,6.58,13.16,6.58,5.26,6.58,0.0,7.89,0.0,0.0,2.63,6.58,2.63,1.32,1.32,0.0,7.89,2.63,13.16,2.63,3.95,1.32,5.26,1.32,1.32,0.0,0.0,0.0,0.0,0.0,0.0,9.21,2.63,0.0,6.58,0.0,0.0,7.89,0.0,6.58,0.0,6.58,0.0,9.21,0.0,0.0,1.32,0.0,0.0,1.32,6.58,0.0,0.0,2.63,0.0,0.0
ibZmnFcLlaA,105,77.28,38.74,2.82,25.77,105.0,4.76,74.29,51.43,6.67,0.0,0.0,0.0,0.0,0.0,0.0,6.67,7.62,13.33,17.14,1.9,5.71,0.0,19.05,12.38,4.76,2.86,12.38,4.76,0.0,0.0,0.0,0.0,0.0,14.29,0.95,0.0,0.95,13.33,0.0,2.86,9.52,9.52,0.0,0.0,0.0,0.0,0.0,0.0,0.0,0.0,0.0,0.0,15.24,0.95,6.67,1.9,4.76,0.0,0.0,0.0,0.0,0.0,0.0,0.0,0.0,1.9,0.0,0.0,1.9,0.0,0.0
BWSrU0tv-5A,142,83.99,61.1,55.5,25.77,142.0,14.08,81.69,59.86,10.56,2.11,0.0,1.41,0.7,0.0,0.0,8.45,9.86,18.31,9.86,8.45,6.34,0.0,11.27,0.7,0.7,2.82,6.34,3.52,0.0,0.0,0.0,3.52,0.0,16.9,0.7,4.23,4.93,5.63,2.11,2.82,1.41,0.7,0.7,0.0,0.0,0.0,9.86,2.11,0.0,7.04,0.7,3.52,4.93,0.0,23.24,0.0,21.13,2.11,0.7,0.7,0.0,0.0,0.0,0.0,0.0,3.52,2.11,0.0,1.41,0.0,0.0
I6K-7v6DE9E,145,66.02,44.52,4.85,25.77,145.0,22.76,79.31,57.24,6.21,2.07,0.0,2.07,0.0,0.0,0.0,4.14,10.34,13.1,8.28,12.41,8.97,2.76,12.41,6.21,3.45,2.07,8.97,5.52,0.0,0.0,0.0,3.45,0.0,20.69,0.69,2.07,1.38,11.72,2.07,4.14,1.38,0.69,0.69,0.0,0.0,0.0,2.76,2.07,0.0,0.69,0.0,0.69,9.66,0.0,7.59,0.0,5.52,2.07,0.0,0.0,0.0,0.0,0.0,0.0,0.0,1.38,0.0,0.0,1.38,0.0,0.0
JmJAa90B_Qo,66,28.77,72.77,1.0,80.64,66.0,18.18,83.33,53.03,10.61,4.55,0.0,1.52,0.0,1.52,1.52,6.06,3.03,10.61,13.64,10.61,7.58,0.0,15.15,6.06,6.06,0.0,9.09,1.52,3.03,3.03,0.0,4.55,0.0,10.61,0.0,4.55,3.03,0.0,3.03,0.0,1.52,1.52,0.0,0.0,0.0,0.0,4.55,1.52,1.52,3.03,1.52,7.58,4.55,4.55,10.61,1.52,3.03,6.06,0.0,0.0,0.0,3.03,0.0,1.52,1.52,3.03,0.0,0.0,3.03,0.0,0.0
LcSnf-GBeKo,401,25.49,65.52,18.9,43.99,9.11,12.72,90.52,55.61,16.21,8.48,2.99,1.0,3.74,0.5,0.25,7.73,6.48,9.48,13.47,6.73,8.23,1.5,22.44,7.23,2.74,0.5,5.49,2.0,1.5,1.25,0.25,7.48,0.5,15.46,3.99,1.5,4.24,3.24,0.75,3.74,6.23,5.24,1.0,0.0,2.24,0.0,5.24,1.25,0.75,1.75,2.49,1.0,14.71,2.0,9.73,1.5,7.98,0.25,0.75,0.0,1.25,1.5,0.25,0.75,0.75,19.7,0.0,0.0,4.24,0.0,0.0
NK7GmnT_VQw,244,80.29,86.58,7.35,40.51,244.0,18.03,89.75,60.66,11.48,8.2,0.82,3.28,0.82,1.23,2.05,3.28,11.48,15.98,7.79,9.43,7.38,0.41,15.16,4.1,3.28,0.82,4.1,4.1,0.82,0.82,0.0,11.48,2.87,18.03,1.64,1.64,2.46,11.07,0.82,3.28,0.0,0.0,0.0,0.0,0.41,0.0,7.38,3.28,0.82,2.05,1.23,1.23,9.02,1.23,10.25,2.87,5.74,1.64,3.69,0.0,0.0,0.41,0.0,0.0,0.41,0.82,0.0,0.0,0.82,0.0,0.0
u6NBz5NK7Bg,870,37.82,83.86,39.64,42.45,870.0,11.72,87.36,55.29,14.37,7.24,0.0,2.99,4.02,0.23,0.0,7.13,7.13,9.66,7.36,9.43,10.34,0.57,15.06,2.64,1.49,1.95,7.93,2.64,1.72,1.26,0.34,7.93,0.34,13.68,2.3,1.84,3.33,6.67,0.23,4.48,1.15,0.69,0.46,0.0,2.3,0.0,7.13,2.99,1.26,0.69,1.84,0.57,14.94,1.72,16.21,1.49,5.75,8.97,0.69,0.34,0.57,0.8,0.34,0.23,0.46,0.92,0.11,0.0,0.23,0.0,0.57
V61XrzryoIM,140,38.6,93.3,1.5,38.47,140.0,10.0,93.57,57.14,7.14,2.86,0.0,1.43,1.43,0.0,0.0,4.29,10.71,7.86,12.86,10.71,12.86,0.0,15.0,1.43,0.71,1.43,14.29,3.57,0.71,0.71,0.0,15.71,6.43,15.71,0.0,2.14,2.86,7.86,2.14,3.57,0.71,0.71,0.0,0.0,0.0,0.0,5.0,2.14,1.43,1.43,0.0,0.0,10.0,0.71,7.14,0.0,1.43,5.71,0.0,0.71,0.0,0.0,0.0,0.0,0.0,3.57,2.14,0.0,1.43,0.0,0.0
ngElbkETkXo,1141,56.48,79.5,70.76,39.9,1141.0,12.18,93.78,51.53,16.39,8.24,1.58,2.02,3.94,0.0,0.7,8.15,6.49,11.39,8.33,5.35,5.52,0.96,16.3,2.8,2.54,1.58,7.62,5.43,1.14,0.96,0.18,7.71,0.0,14.81,2.72,2.54,2.89,4.47,1.67,2.89,1.23,0.96,0.0,0.26,0.0,0.0,3.77,2.02,0.53,0.53,0.53,0.61,11.22,0.96,19.98,5.17,6.57,8.24,0.7,4.47,0.0,0.7,0.26,0.0,0.44,0.88,0.61,0.0,0.18,0.0,0.09
Qchto7n_A3E,768,69.52,77.89,5.13,76.34,768.0,13.02,82.55,54.17,12.11,6.12,0.39,3.12,1.56,0.52,0.52,5.99,10.68,10.68,10.03,5.34,7.68,0.0,16.28,2.73,1.95,1.69,6.12,2.34,3.52,3.12,0.39,6.9,0.52,15.62,2.21,2.86,4.69,5.86,0.78,3.52,1.3,0.78,0.26,0.13,1.82,0.0,7.81,3.26,1.17,2.47,1.04,2.73,11.07,1.3,10.29,0.52,5.73,3.39,1.17,0.52,0.91,1.95,0.13,1.43,0.39,0.65,0.0,0.0,0.26,0.0,0.39
DsGHIDHxgF8,798,60.66,87.8,13.15,44.09,798.0,9.52,85.96,58.65,12.28,8.27,0.38,0.88,5.76,0.0,1.25,4.01,10.9,11.9,8.4,9.15,9.9,0.25,16.17,2.26,1.88,1.75,16.54,4.01,1.0,1.0,0.0,8.65,0.0,14.66,0.5,2.76,3.01,6.02,1.38,3.01,1.0,0.5,0.38,0.0,0.0,0.0,7.77,1.0,1.88,0.75,4.14,1.5,11.53,1.25,13.41,1.25,7.27,5.64,0.0,0.0,0.0,1.0,0.13,0.75,0.13,2.26,0.75,0.0,0.25,0.0,1.25
ma9HLOl1vuM,120,55.06,43.37,27.99,57.28,120.0,19.17,90.83,45.0,8.33,3.33,1.67,0.0,1.67,0.0,0.0,5.0,7.5,8.33,8.33,9.17,9.17,0.0,13.33,5.0,5.0,3.33,15.0,6.67,1.67,1.67,0.0,1.67,0.0,19.17,1.67,6.67,0.83,5.0,2.5,3.33,0.83,0.83,0.0,0.0,1.67,0.0,2.5,0.0,1.67,0.83,0.0,0.0,10.0,4.17,11.67,1.67,3.33,6.67,0.0,0.0,1.67,0.0,0.0,0.0,0.0,1.67,0.0,0.0,1.67,0.0,0.0
jtfbQ02Qryw,1112,56.63,68.63,16.67,40.31,1112.0,12.32,83.0,49.19,12.14,9.08,3.15,1.98,2.61,0.99,0.36,3.06,7.37,9.44,8.18,5.67,9.26,0.18,14.03,2.7,1.44,1.35,4.68,3.33,1.53,1.17,0.36,7.46,0.0,14.93,1.53,5.49,2.79,4.05,1.17,3.87,2.25,0.99,0.18,0.0,6.12,0.0,5.4,2.16,1.35,0.99,0.72,0.45,12.95,1.89,10.43,2.43,4.5,3.87,0.9,0.36,0.0,1.98,0.72,0.99,0.18,0.18,0.0,0.0,0.18,0.0,0.0
4fBXIcO0It4,359,74.57,79.82,3.76,46.28,12.38,9.19,78.55,49.3,12.81,5.57,0.56,3.9,0.84,0.0,0.28,7.24,11.42,8.64,6.13,5.57,6.96,0.28,11.7,2.23,2.23,2.23,11.42,3.34,1.11,1.11,0.0,6.96,0.0,7.8,0.0,3.06,1.67,2.23,0.84,2.51,1.67,1.67,0.0,0.0,4.74,0.0,10.58,5.57,1.67,1.11,2.51,1.95,7.24,1.39,8.91,0.56,5.57,2.79,0.56,0.0,3.06,0.84,0.0,0.0,0.84,39.83,0.56,0.0,0.56,0.0,18.38
GHaZYHfxyLs,113,19.99,78.72,29.1,59.28,113.0,4.42,91.15,50.44,12.39,9.73,2.65,3.54,2.65,0.0,0.88,2.65,3.54,8.85,10.62,7.08,15.04,0.0,16.81,6.19,6.19,1.77,18.58,4.42,1.77,1.77,0.0,8.85,0.0,11.5,0.88,2.65,4.42,1.77,0.0,4.42,6.19,6.19,0.0,0.0,5.31,0.0,6.19,3.54,1.77,0.88,0.0,0.88,7.96,0.88,14.16,4.42,4.42,4.42,0.0,0.0,0.0,1.77,0.0,0.0,1.77,1.77,0.0,0.0,1.77,0.0,0.0
XCy9TjzIees,1949,28.05,76.22,18.63,43.54,1949.0,13.44,90.15,60.85,15.7,7.23,1.49,0.62,4.72,0.0,0.41,8.47,8.98,8.72,13.7,8.31,9.03,0.05,19.04,5.9,1.85,1.44,2.31,4.1,1.18,1.08,0.1,6.93,0.0,15.6,1.39,3.28,4.1,4.77,0.97,3.59,2.67,0.67,0.97,0.0,4.0,0.1,6.16,0.62,0.0,5.18,0.26,0.56,14.42,1.74,13.29,1.49,9.44,2.36,0.56,0.05,0.31,0.67,0.05,0.31,0.31,0.1,0.0,0.0,0.1,0.0,0.0
#NAME?,297,27.57,81.84,33.94,70.15,7.43,13.47,83.5,53.2,15.15,8.75,2.69,3.7,2.36,0.0,0.0,6.4,4.04,11.78,10.44,10.44,9.09,0.0,21.55,2.36,1.35,4.04,9.76,5.05,3.03,2.69,0.34,8.08,0.34,15.49,2.69,4.04,2.36,5.39,1.01,2.36,0.0,0.0,0.0,0.0,0.0,0.0,9.76,3.7,1.35,2.36,2.69,2.36,14.48,3.37,13.13,2.69,6.4,4.38,2.02,0.67,0.0,3.37,2.02,1.01,0.34,23.57,0.0,0.0,4.71,0.0,0.0
9M2-OkV9vVc,267,67.47,64.61,20.73,53.96,267.0,18.35,78.65,52.06,11.24,4.12,0.75,0.37,2.62,0.37,0.0,7.12,9.36,10.49,6.74,10.86,5.24,0.37,12.36,1.5,1.5,4.49,15.73,1.87,1.5,1.5,0.0,4.87,0.0,13.48,1.12,2.62,1.12,7.49,0.37,3.0,0.0,0.0,0.0,0.0,3.37,0.0,5.24,0.75,0.0,0.75,3.75,0.75,7.49,0.37,12.73,0.37,4.49,7.87,0.0,0.37,0.0,1.5,0.0,0.75,0.75,4.49,0.75,0.0,0.75,0.0,3.0
jO-15XPPVpE,122,73.17,56.52,1.71,40.51,122.0,12.3,84.43,51.64,10.66,4.1,0.0,0.82,0.0,3.28,0.0,6.56,10.66,10.66,7.38,10.66,4.92,0.0,22.13,5.74,2.46,3.28,4.1,4.92,0.82,0.82,0.0,4.1,0.0,19.67,4.1,2.46,4.1,6.56,0.82,3.28,4.92,4.92,0.0,0.0,0.0,0.0,6.56,0.82,0.82,0.0,5.74,0.82,15.57,1.64,8.2,4.92,1.64,1.64,0.0,0.82,0.0,1.64,1.64,0.0,0.0,1.64,0.0,0.0,1.64,0.0,0.0
1CFYomoxc-I,55,80.14,42.78,55.41,60.23,55.0,21.82,83.64,52.73,12.73,5.45,3.64,0.0,0.0,0.0,1.82,7.27,9.09,12.73,9.09,7.27,1.82,0.0,18.18,10.91,5.45,3.64,1.82,5.45,1.82,1.82,0.0,1.82,0.0,5.45,3.64,1.82,0.0,0.0,0.0,0.0,14.55,14.55,0.0,0.0,0.0,0.0,5.45,0.0,0.0,5.45,0.0,5.45,12.73,0.0,14.55,1.82,7.27,5.45,0.0,1.82,1.82,0.0,0.0,0.0,0.0,3.64,0.0,0.0,3.64,0.0,0.0
u_MU518qhwM,97,36.52,50.0,40.7,64.85,97.0,8.25,84.54,55.67,13.4,3.09,1.03,2.06,0.0,0.0,0.0,10.31,8.25,8.25,10.31,10.31,8.25,0.0,14.43,9.28,7.22,2.06,6.19,4.12,2.06,2.06,0.0,2.06,0.0,10.31,0.0,3.09,1.03,3.09,0.0,3.09,6.19,6.19,0.0,0.0,0.0,0.0,6.19,2.06,1.03,4.12,0.0,6.19,8.25,1.03,16.49,1.03,7.22,8.25,0.0,1.03,0.0,0.0,0.0,0.0,0.0,2.06,0.0,0.0,2.06,0.0,0.0
